topic,side,content
Should medical research embrace racial differences in treatment efficacy?,con,"11
Clinical trials rarely enroll sufficient numbers of people of color. If pharmaceutical companies embraced racial differences in treatment efficacy they would be able to collect more data concerning how different racial groups are affected by different types of treatment."
Should medical research embrace racial differences in treatment efficacy?,pro,"17
'Personalized medicine' is a superior approach to race based medicine, and renders race based approaches moot."
Should medical research embrace racial differences in treatment efficacy?,pro,"23
Searching for innate racial differences between patients can distract doctors and researchers from other, more important differences (like socioeconomic status), which cause far more medical problems than race, and whose overlap with race is largely (medically) coincidental."
Is Islam compatible with feminism?,pro,"8
The teachings of Islam promote gender equality (p. 3)."
Is Islam compatible with feminism?,pro,"25
Islamic religious doctrine promotes anti-LGBTQ+ beliefs, which are incompatible with the feminist goal of the liberation of marginalized people."
Is Islam compatible with feminism?,pro,"14
Islamic marriage practices and family dynamics reinforce inequality against women.
 Unsupported
This claim is heavily unbalanced in favor of pros. It would be good to add at least another con and develop that side further."
Should Turkey acknowledge the Armenian genocide?,con,Acknowledging the Armenian genocide would have numerous economic benefits for Turkey and the surrounding region.
Should Turkey acknowledge the Armenian genocide?,pro,Acknowledging the genocide would improve Turkey's international standing.
Should men be allowed to vote on abortion legislation?,pro,"15
Excluding anyone from the voting process undermines the principle of democratic equality."
Should men be allowed to vote on abortion legislation?,pro,"1
In most countries, people can't or usually can't vote on any specific legislation and instead can only participate in electoral processes. The question whether men should be allowed to vote on abortion legislation therefore is essentially mute."
Is Jesus the Messiah?,pro,"7
Jesus is the promised Messiah of the ancient Hebrew religion."
Is Jesus the Messiah?,pro,"13
Jesus fulfilled all prophecies concerning the Jewish Messiah."
Is Jesus the Messiah?,pro,"2
Jesus' impact on the world demonstrates that he is the promised Messiah of the ancient Hebrew religion."
Is Jesus the Messiah?,pro,"5
The Book of Mormon also claims that Jesus is the Promised Messiah."
Is Jesus the Messiah?,pro,"11
Credible modern eyewitnesses have claimed visitations from Jesus, the son of Mary, in a modern era that if true, proves that Jesus is the promised Messiah spoken of in the Old Testament."
Is Jesus the Messiah?,pro,"6
Jesus is proposed to be a demigod and therefore not the messiah of the ancient Hebrew religion."
Should Laptops be Allowed in University Classrooms?,pro,Laptops improve the learning process.
Should We Increase the Number of Votes For People Who Pay More Taxes?,pro,Wealthy people are less likely to evade and avoid taxes if they have more votes in proportion to their taxed income or wealth.
Should We Increase the Number of Votes For People Who Pay More Taxes?,con,Giving more political power to those who pay higher taxes would entrench the socioeconomic class divide in society.
Should failing banks receive bailouts from the government?,con,Failing banks represent a large threat to the security of the economy and must be rescued for everyone's benefit.
Should Teachers Be Allowed To Wear Religious Symbols At School?,con,"Since all states are secular, even in countries where the majority of the population is Christian, like in my country where schools were forced to remove Christian symbols, so all symbols should not be tolerated either. But this concern seems to only exist in the EU, because in non-Christian countries this issue does not even arise, it is their culture and it should be respected as it should be in the EU. But"
Should Teachers Be Allowed To Wear Religious Symbols At School?,con,"8
Banning religious symbols in the classroom discriminates against religions whose symbols are not simply adornments but constitute religious practice."
Should Teachers Be Allowed To Wear Religious Symbols At School?,pro,"10
Teachers wearing religious symbols in the classroom is protected under freedom of expression."
Should Teachers Be Allowed To Wear Religious Symbols At School?,pro,A child who is embarrassed or scared to ask about religious symbols which may be the result of such a ban would simply avert their attention to secret online googles which doesn't protect the child's thinking like the ban claims to.
Should Private Cars Be Forbidden In Large Cities?,con,"11
Cars contribute to degradation of the natural environment."
Should Private Cars Be Forbidden In Large Cities?,con,"4
Banning private cars will have negative economic effects."
Should the US adopt stricter gun control legislation?,con,"76
The US should adopt stricter gun control legislation."
Should the US adopt stricter gun control legislation?,con,"44
Stricter gun control legislation may reduce instances of gun-related injury, accidental death, murder, and suicide."
Should the US adopt stricter gun control legislation?,con,"20
Gun control measures are an effective way to limit the incidence and impact of mass shootings."
Should the US adopt stricter gun control legislation?,con,"21
Before enacting new, more effective gun control laws, the failures of current laws and regulations regarding firearms must be addressed."
Should the US adopt stricter gun control legislation?,con,"10
Gun control policies infringe on a number of rights that the US government was explicitly founded upon and has an obligation to uphold."
Is Esports a sport?,pro,"7
Esports are solely products of corporations, whereas activities qualifying as sports exist outside corporate production."
Is chivalry sexist?,pro,"8
The fact that many women appreciate chivalry proves it is not sexist."
Is there an afterlife?,con,"If [in the future] humans or [in the past or present] extraterrestrials, can digitize minds (or ""mind cloning""), it is feasible their minds continue in some form after conventional death, albeit death of the person arguably would still occur if the transition is not of a gradual form."
Is there an afterlife?,con,"1
If our world is a simulation, it is feasible that a form of life continues after life in this simulation – such as porting a person's state of mind into a new world or a reenactment of one's life in another world and so on."
Is there an afterlife?,con,"9
Partial destruction of the brain results in memory loss, cognitive impairment, loss of intelligence, loss of sense of self, or even vegetative states. Thus it is reasonable to infer that complete destruction of the brain would result in loss of all cognitive functions, capacities, faculties and abilities. This would preclude any possibility of any conscious life after death."
Is there an afterlife?,pro,"11
Evolution has been proven beyond doubt, which disproves the possibility of an afterlife. Specifically, humans evolved over time, so it is unclear why they would, at some point, suddenly have souls."
Should women-only spaces be open to anyone identifying as a woman?,pro,"33
Allowing anyone who identifies as a woman into women-only spaces would benefit both cis and trans women by improving their ability to work towards change in these spaces."
Should there be One World State?,con,"1
The formation of a one world state would lead to immense economic and material benefits."
Should there be One World State?,con,"3
The formation of a one world state would lead to an immediate reduction of conflict and violence."
Should there be One World State?,pro,"6
The formation of a one world state would solve collective action problems more effectively."
Should a license be required in order to have a child (procreate)?,pro,"2
A license should be required in order to have a child (procreate)."
Should a license be required in order to have a child (procreate)?,pro,"6
Governments are obligated to improve and maintain citizens' quality of life. Introducing parenting licenses would help facilitate this."
Should schools require students to learn a second language?,con,"5
Schools should require students to learn a second language."
Should schools require students to learn a second language?,con,"4
Learning a second language helps prepare students to live in a globalized world."
Should schools require students to learn a second language?,con,Learning a second language has long-term benefits for the brain.
Should schools require students to learn a second language?,pro,"Learning a second language at school is ineffective to achieve functional proficiency, let alone fluency."
Should schools require students to learn a second language?,con,Teaching a second language would be an unnecessary drain on school resources.
Should There Be Trigger Warnings in Education?,pro,The inclusion of trigger warnings promotes the important value of transparency.
Should There Be Trigger Warnings in Education?,pro,The inclusion of trigger warnings protects students from unnecessary harms.
Should There Be Trigger Warnings in Education?,pro,Trigger warnings allow people to ignore opinions they don't like.  This is counterproductive to civil discourse.
Should Bullfighting be Banned?,con,"14
Bullfighting functionally amounts to violence and cruelty for the purposes of entertainment, and is consequently immoral."
Should Bullfighting be Banned?,con,"16
Bullfighting can benefit national economies."
Is killing vampires immoral?,con,"As vampires are already dead, 'killing' them makes no consequential, and therefore moral, difference."
Should genealogy databases be available to law enforcement to solve crimes?,pro,"3
DNA handling by for-profit genealogy companies is subject to error, tampering and misinterpretation."
Should genealogy databases be available to law enforcement to solve crimes?,pro,"1
The Fourth Amendment protects US citizens from unreasonable search and seizure - using DNA is just this."
"Is Taylor Swift's video ""The Man"" a proper representation of men in today's society?",pro,The video depicts many forms of problematic male behavior that actually exist.
"Is Taylor Swift's video ""The Man"" a proper representation of men in today's society?",pro,"3
The suggested problematic behaviors in the video are not specific to men but are also pertaining to women."
Is Donation Charity or a Moral Obligation?,pro,The excessive accumulation of wealth in a world with many people in precarious conditions is morally problematic.
Is Donation Charity or a Moral Obligation?,con,Wealthy individuals have a shared responsibility due to the power and influence their wealth confers in society.
Is Donation Charity or a Moral Obligation?,pro,"Imprudent tries to help with donations can cause greater problems than they solve. It can be difficult to spend the money for ends or in channels that are indeed efficacious in being a net positive, especially if the selection, judgement, and so on is done by one or few people or based largely on personal opinion. More systematic approaches that also move away from the appeal to morality approach would be better."
Is Donation Charity or a Moral Obligation?,con,"Until there is effective population control, relieving famine merely postpones starvation."
Should the EU introduce a carbon tax?,pro,"1
Carbon emissions are negative externalities. Taxing negative externalities for welfare optimisation provide a welfare gain to society even before revenues are spent with the only requirement being that the implementation costs are lower than the revenues."
Should the EU introduce a carbon tax?,con,"19
Carbon emissions are the biggest contributors to climate change and their reduction should be prioritised the most in the fight against climate change."
Should short-term apartment leasing services such as Airbnb be prohibited in New York City?,pro,"7
Short term apartment leasing services such as Airbnb should be prohibited in New York City."
Should short-term apartment leasing services such as Airbnb be prohibited in New York City?,con,"38
A free market does not always shift towards the best choice for consumers or the economy, which is the case for AirBnB. As such, the government has a right and a responsibility to regulate it."
Should short-term apartment leasing services such as Airbnb be prohibited in New York City?,pro,"10
Individuals are entitled to use their private property for whatever purpose they want. Airbnb is merely facilitating fulfilment of this right."
Should short-term apartment leasing services such as Airbnb be prohibited in New York City?,con,Airbnb contributes greatly to economic activity in New York City.
Should humanity establish colonies on Mars?,pro,Colonizing Mars provides an opportunity to innovate in radical ways.
Should humanity establish colonies on Mars?,con,"4
Humanity creates devastation wherever they go; this should not continue on Mars."
Is science political?,pro,"7"
Is science political?,pro,Some scientific discoveries and research programs have not only been influenced by political thought and political events but also found their raison d'être in politics.
Is science political?,con,"13
Academic and industrial contexts expose scientific research to political influences."
Is science political?,con,"8
If we understand ""politics"" in a broader sense than direct political control, then all human activities have politics. But the scientific method by which we test concepts against reality is not politically biased."
Is science political?,con,"1
Unlike politics, the aim of science is neither influence nor control."
Is science political?,con,"1
Descriptions of the scientific method avoid political language, and any analysis of its usage in a political context exceeds the scope of the thesis."
Is Feminism a Force For Good?,pro,"13
Feminism's propensity to point out sexism where it does not exist eclipses other sociocultural issues."
Should Hate Speech Be Legally Protected?,pro,"34
Hate speech should be legally protected."
Should Hate Speech Be Legally Protected?,pro,"19
Protecting hate speech is necessary to ensure the democratic rights of all individuals."
Is the principle of pet ownership vegan?,con,"If they're considered family, then they aren't thought of as pets."
Is the principle of pet ownership vegan?,con,"1
Keeping pets contributes to the financial incentive for pet trading and breeding, which is exploitative and cruel to animals, as many animals being put down who do not find homes."
Is Morality Objective?,con,"Ethics, the study of morality and right and wrong, utilizes predictive and logical operations to determine a conclusion."
Is Morality Objective?,con,"Morality is not some concrete binary system of evil and good. What we call „morality“ is a human constructed framework that pulls from culture, psychology, and local context, not some system embedded into the universe itself."
Is Cannibalism Ethically Permissible?,con,"3
The consumption of human meat is unhealthy."
Should governments provide a universal basic income?,pro,"6
Governments should provide a universal basic income (UBI)."
Should governments provide a universal basic income?,pro,A UBI is a more efficient and effective form of welfare than current government programs.
Should governments provide a universal basic income?,pro,Providing a UBI recognises and supports those who contribute to society through work such as domestic labour and volunteering.
Should governments provide a universal basic income?,pro,"1
The government should not provide a UBI because it is immoral to do so."
Should governments provide a universal basic income?,con,Economic growth is likely to slow if a UBI is implemented.
Should animal testing be banned?,pro,"2
Animal testing is an effective method of testing products."
Should travel bans be instituted to tackle pandemics?,con,"As long as evidence relating to the effectiveness of travel bans is inconclusive, it is best to err on the side of caution by imposing them anyway."
Should Commercial Surrogacy be Legal in Liberal Democracies?,con,"16
Legalising and regulating commercial surrogacy is preferable to allowing 'altruistic' surrogacy (i.e. minimal financial support to the surrogate mother and living expenses), which devalues the surrogate's contribution to the family and society."
Should Commercial Surrogacy be Legal in Liberal Democracies?,pro,"7
The commercialisation of surrogacy enables the government to properly regulate the industry."
Should Commercial Surrogacy be Legal in Liberal Democracies?,pro,"14
Most people in liberal democracies are religious and most religions do not approve of surrogacy."
Should the BAR exam be eliminated as a requirement to practice law?,con,The BAR exam infringes on individual freedom by restricting upward socio-economic movement.
Is it Time to 'Free the Nipple'? Toplessness and Gender Equality in the US,pro,"20
Restricting nipple showing protects female-presenting people from unwanted sexual harassment."
Should we worship a god that sends people to hell?,con,It's contradictory to worship a loving God who sends people to hell.
Should everyone's wealth and income information be publicly available?,pro,"8
Pay transparency would improve business practices and employee conditions."
Should everyone's wealth and income information be publicly available?,con,The public knowledge of everyone's income information will have a negative effect on the wider economy.
Should Google Censor Their Search Results In Order To Operate In China?,pro,"1
Google is a company whose goal is to make a profit. It does not need to worry about ethical concerns if operating in China is profitable."
Should Election Campaigns only be Funded by the Government?,pro,"13
The public funding of elections further polarises politics by facilitating the rise of parties which are fundamentally opposed to each other and cannot find grounds for compromise."
Is preferential voting the most effective system for ensuring fairer election outcomes?,pro,"7
Preferential voting promotes a two party system that is detrimental to minor parties."
Is preferential voting the most effective system for ensuring fairer election outcomes?,con,"6
Preferential voting, or Rank Choice Voting, can be deceptive by giving the false impression that the highest ranked candidate is likely to win. It often favors tertiary candidates and in three-way races, the second place candidate is more likely to win."
Is Western culture superior to other cultures?,con,"4
Western thinkers have given humanity great political, economical, and philosophical ideas."
Is Western culture superior to other cultures?,con,"Dominance is often confused with superiority, and these two are not interchangeable in terms of culture."
Is cultural diversity beneficial to develop a successful organisation?,con,"11
Having employees from diverse backgrounds enables organisations to make decisions that consider a much broader perspective."
Is cultural diversity beneficial to develop a successful organisation?,pro,"4
Cultural diversity in the workplace may lead to greater profits for an organisation."
Is cultural diversity beneficial to develop a successful organisation?,con,"18
Cultural diversity can create conflict within the workplace."
Is ecotourism sustainable?,pro,Ecotourism can help promote the economic growth of a country in a responsible manner.
Is ecotourism sustainable?,pro,"6
Ecotourism protects natural environments that may otherwise be destroyed."
"Should the Primary Focus of Prisons be Rehabilitation, or Punishment?",pro,"12
Rehabilitation reduces the likelihood of a criminal reoffending, providing the greatest benefit to the community."
"Should the Primary Focus of Prisons be Rehabilitation, or Punishment?",pro,"24
Removing a prisoner from society is meant to protect the public by preventing any further criminal activity and punish the offender for their criminal behavior."
Is Greta Thunberg's Impact on Society Positive?,pro,"8
Greta Thunberg has proposed ineffective solutions to climate change."
Should Sex Work Be Legal?,pro,"5
The legalisation of sex work would improve the health and security of sex workers."
Should Sex Work Be Legal?,con,"1
The government has no right to outlaw an interaction between consenting adults."
Should Sex Work Be Legal?,con,"10
The legalisation of sex work would create economic benefits."
Is Christianity Compatible With Feminism?,con,"4
Historically feminism evolved out of Christianity, rooted in the basic concept of the equality of all people."
Is Christianity Compatible With Feminism?,con,"11
The Christian faith is diametrically opposed to women being free to control their own lives or the lives of men."
Is Christianity Compatible With Feminism?,con,"5
All Abrahamic religions have a few verses that may venerate women, but the majority of their laws and suggestions are condemnations, vilifying everything that a woman is and does; this includes Christianity."
Is Christianity Compatible With Feminism?,con,"5
People practice religion in various ways to best suit their various needs. So, a person can be a 'Christian Feminist' by ignoring the parts of their religion that conflict with and/or outright prevent equality."
Is Christianity Compatible With Feminism?,con,"4
The Bible does not consider men and women as equals."
Should public health systems fund homeopathy?,con,Consumers within public health systems should be empowered to make their own choices about their treatment.
Should public health systems fund homeopathy?,pro,"2
Most homeopathic remedies are well established so cannot be patented. This means there's little commercial interest in trialling or producing them, so public funding is necessary to build up evidence and maintain quality."
Should public health systems fund homeopathy?,pro,"2
Public health systems should not fund treatments that have been proven not to work or have any predictable effect."
Should quotas for women on boards and in managerial positions be mandatory?,pro,Gender quotas are ineffective and counterproductive.
Should citizens be able to crowdsource laws?,pro,"15
Crowdsourcing has the potential to improve law-making by utilizing collective potential that currently remains untapped."
Should citizens be able to crowdsource laws?,pro,"13
Democracy selects for characteristics in decision makers that are not necessarily beneficial, for example the ability to agitate people. Crowdsourcing provides a mechanism that doesn't suffer from this flaw."
Should citizens be able to crowdsource laws?,pro,"13
Ordinary political decision-making is prone to the corruption of those who make decisions. As crowdsourcing is decentralized and involves many more people, it is less prone to that."
Should citizens be able to crowdsource laws?,pro,"10
Crowdsourcing laws would bring more citizens into the process of lawmaking as active participants."
Should citizens be able to crowdsource laws?,con,"It could lead to laws that are changed and created according to vocal small groups who don't have a good sense of broader prioritization and cost-benefit ratios, considering their group's interests very important."
Should citizens be able to crowdsource laws?,pro,"The technical online systems could be problematic such as giving a lot of control to those who develop and run it, excluding selected people, or intruding privacy."
Should citizens be able to crowdsource laws?,con,"2
It could lead to laws that are changed and created based on how things sound on a superficial level rather than to reasonable, science-based, effective laws that consider actual consequences that are not immediately clear, and/or long-term impacts."
Should citizens be able to crowdsource laws?,con,"18
Crowdsourcing would be at an inherent risk of being hijacked by either sides to enact archaic draconian laws - for example the death penalty."
Should Law Enforcement have volunteers?,pro,It provides the community with closer communication with the police.
Should Law Enforcement have volunteers?,pro,"1
It provides work experience for the volunteer."
Should Law Enforcement have volunteers?,pro,"2
It will create a bad impression for law enforcement because volunteers can be unprofessional."
Should public displays of affection (PDA) be allowed in middle school and high school?,pro,Schools are not appropriate places for PDA.
Should the government provide funding for arts programs?,pro,"3
The government should provide funding for arts programs."
Should the government provide funding for arts programs?,pro,"11
Government spending on arts programs and organizations generates economic activity."
Should the government provide funding for arts programs?,pro,"1
Arts programs are part of a vibrant civil society and, therefore, are an important part of any democracy (p. 2)."
Should the government provide funding for arts programs?,pro,"4
Government funding discourages charitable donations to arts programs (p. 1)."
Should the government provide funding for arts programs?,pro,"2
Government funding of arts programs will inevitably lead to increased government influence and control over art."
Should the government provide funding for arts programs?,pro,"18
There is little evidence that government funding for arts programs is helpful in qualitatively or quantitatively expanding the arts."
Should the US adopt a single-payer health care system?,pro,Saving human lives should not be an activity reliant on the incentive by profit.
Should the US adopt a single-payer health care system?,con,"3
It contributes to the centralization of power and decision making. It puts everyone at risk if the people in charge are evil or incompetent."
Should the US adopt a single-payer health care system?,con,"2
A single-payer healthcare system would lead to an increase in taxes and would therefore damage the economy."
Should individuals sentenced to life in prison be allowed to choose death instead?,pro,"3
Rehabilitation and, where appropriate, reintegration should be a central goal of prisons, and allowing people to choose death is contrary to that."
Should individuals sentenced to life in prison be allowed to choose death instead?,con,Criminals should be forced to live with the consequences of their crimes.
Is discipline necessary in education?,pro,"1
Discipline helps in structuring classroom activities and achieve learning goals.
Click to see the pros and cons below this claim."
Is discipline necessary in education?,pro,"Without discipline, children will not adapt to their environment properly."
Should the state grant benefits linked to marriage?,pro,These benefits will provide support to minority groups looking to get married.
Is it unethical to use ad-blockers?,con,"2
Ads help ensure equity in access to internet services because the prevalence of advertising as a business practice means most Internet content is free."
Is it unethical to use ad-blockers?,pro,"12
Running an ad blocker breaks the implicit contract that the user will view content as presented by the provider."
Is it unethical to use ad-blockers?,pro,"Computer users should have the right to control what runs on their machines. This extends to the right to prevent third parties, such as publishers, running programs (i.e. ads) that the user finds undesirable."
Is it unethical to use ad-blockers?,con,"4
There are analogous practices on all other forms of media that are not considered unethical. Ad blocking is no different."
Is Organic Farming Better Than Conventional Farming?,con,"14
Organic farming is better than conventional farming."
Is Organic Farming Better Than Conventional Farming?,con,The welfare for organic livestock is higher than for conventional livestock.
Is Organic Farming Better Than Conventional Farming?,con,"3
Organic farming is healthier for people than conventional farming."
Is Organic Farming Better Than Conventional Farming?,con,Organic farming is economically more sound.
Is Organic Farming Better Than Conventional Farming?,pro,"1
Organically-grown produce tastes better than conventionally-grown."
Is Organic Farming Better Than Conventional Farming?,con,"12
The organic label is inconsistent and legally more complicated, as it is slightly arbitrary and subject to changes."
Is Organic Farming Better Than Conventional Farming?,con,"There are no certificates for organic food that allow for genetic editing which could make the food more sustainable (e.g. reduce land use), resistant (e.g. better withstand droughts) or healthy (e.g. raise micronutrient contents)."
Is Organic Farming Better Than Conventional Farming?,pro,"According to a study, certification of organic production is largely restricted to banning synthetic agrochemicals, resulting in limited benefits for biodiversity but high yield losses."
Is Organic Farming Better Than Conventional Farming?,con,"4
Organic farming is more complicated to grow, which may lead to inconsistencies in quality."
Is Organic Farming Better Than Conventional Farming?,con,"7
Conventional farming allows for more variation in food than organic practices."
Should all major political decisions be made via public referendum?,pro,Referendums foster a sense of inclusivity in democracy and make people feel part of the political process.
Should all major political decisions be made via public referendum?,pro,Deciding whether a political decision is 'major' or not may become a politicised process.
Should unpaid internships be banned?,con,"4
It is unethical to employ people without economic compensation."
Should unpaid internships be banned?,pro,"3
There are more effective methods to deal with the problems of unpaid internships than a ban."
Is the minimum wage good for the economy overall?,con,"7
The minimum wage is good for the economy."
Is the minimum wage good for the economy overall?,con,"3
A reasonable minimum wage has an average positive balance on economic output."
Is the minimum wage good for the economy overall?,pro,"The minimum wage protects workers from unethical businesses, who want to underpay their workers."
Is the minimum wage good for the economy overall?,pro,"3
Minimum wage drives technological development as it gets profitable to invest in technology if the cost of labor is above the poverty line."
Is the minimum wage good for the economy overall?,pro,"7
Minimum wage law is being used as the excuse to replace workers with machines since little organizational force opposes this replacement and machines are more profitable"
Is health care a human right?,con,"21
Health care should be considered a human right."
Is health care a human right?,pro,Providing healthcare as a human right ensures citizens' access to life and obligates the state to provide it to all.
Is health care a human right?,con,"4
Health care does not fit within the confines of what defines a human right."
Is health care a human right?,con,Declaring healthcare as a human right is economically unfeasible.
Should There be a Universal Basic Income (UBI)?,pro,"46
Wealthy countries should provide citizens with a universal basic income (UBI)."
Should There be a Universal Basic Income (UBI)?,pro,"54
A UBI would improve the lives of many people."
Should There be a Universal Basic Income (UBI)?,pro,"33
A UBI may erode the personal and societal incentives for financial responsibility, self-improvement, and hard work; at least for some people."
Should There be a Universal Basic Income (UBI)?,con,"49
UBIs would have negative economic effects on the countries that implement them."
Should There be a Universal Basic Income (UBI)?,pro,"7
Providing a UBI may create harmful political consequences."
Should US Presidents Have the Power to Issue Pardons?,con,"6
Presidential pardons are inconsistent with a democratic system of governance."
Should US Presidents Have the Power to Issue Pardons?,con,"6
Removing the executive pardon would eliminate a vital constitutional check and balance on the judicial branch."
Is equality of outcome better than equality of opportunity?,pro,Promoting equality of opportunity is more economically efficient.
Is water wet?,pro,Wet is an emergent property that describes the characteristics of a collection of water molecules.
Is water wet?,pro,"5
Wetness is a property of experience rather than of water itself."
Should Society Treat Obesity as an Acceptable Lifestyle Choice?,con,"The ""body acceptance"" or ""fat acceptance"" movement, while in itself a noble idea, has negative repercussions such as outright discouraging people from bettering their health conditions by losing weight."
Should Society Treat Obesity as an Acceptable Lifestyle Choice?,pro,"14
Obese people can cause a lot of problems for others in daily life."
Should Society Treat Obesity as an Acceptable Lifestyle Choice?,con,Obese people are considered disgusting by many.
Should Society Treat Obesity as an Acceptable Lifestyle Choice?,con,"2
At certain times in history, obesity was considered attractive, as it was a symbol of wealth and status. We should not assume that our current values are correct."
Should All Drug Trial Participants Be Chosen By Lottery?,pro,"3
Mandatory participation in drug tests would improve the quality and utility of medical trials."
Should All Drug Trial Participants Be Chosen By Lottery?,con,"3
The practice of randomly choosing is just and fair, as the inconvenience and potential dangers of the medical trials get distributed all over society from the bottom to the top."
Should All Drug Trial Participants Be Chosen By Lottery?,con,"8
Since participation in many trials requires having a specific condition or meeting certain criteria, it will require a massive invasion of (currently private) medical records to find these people."
Should All Drug Trial Participants Be Chosen By Lottery?,con,"17
Drug tests often require a control group that are given placebos and no other form of treatment. It is extra-unethical to withhold treatments when participants are not freely consenting to the possibility."
Should All Drug Trial Participants Be Chosen By Lottery?,con,"6
Any possible benefits of this policy are outweighed by the massive economic costs it would cause."
Is Artificial Intelligence a threat to democratic governance?,pro,AI can enhance the efficiency and transparency of the political decision making process.
Should renewable energy sources replace fossil fuels?,pro,"5
The process of change has started."
Should renewable energy sources replace fossil fuels?,con,"3
The economic costs of shifting to renewable energy sources are high."
Should plastic water bottles have a five-cent deposit on every bottle?,pro,A five-cent deposit would create a disincentive for purchasing plastic products.
Should plastic water bottles have a five-cent deposit on every bottle?,pro,The funds collected could be used to address environmental problems.
Should plastic water bottles have a five-cent deposit on every bottle?,con,It unfairly shifts the responsibility of covering the expenses related to environmental pollution onto consumers.
Is it ethically wrong to watch pornography?,pro,"10
Since ethically produced porn exists, it is possible to make ethical choices about what porn you watch."
Is it ethically wrong to watch pornography?,con,Viewing pornography is ethical because the adult content industry yields significant benefits for society.
Should Dictatorships Receive Development Aid?,pro,"14
Democracies should only provide official development assistance (ODA) to democratic countries."
Should Dictatorships Receive Development Aid?,con,"7
Making assistance conditional on democratisation makes economic reform and growth in non-democratic states more likely."
Should Dictatorships Receive Development Aid?,con,"5
Tying development assistance to a free democratic basic order is the strong preference of the majority of donor countries' citizens. As they are the ones who have to fund development aid, taxpayers' opinion should be seriously taken into consideration."
Should Dictatorships Receive Development Aid?,con,Conditional development assistance works as an incentive for further democratization.
Should Dictatorships Receive Development Aid?,con,"2
Unconditional foreign assistance is vital to achieving peace and stability in non-democratic recipient states."
Should Dictatorships Receive Development Aid?,con,Tying assistance to the conditions of democratization is immoral.
Should Dictatorships Receive Development Aid?,pro,"18
By making development assistance conditional on democratization, donor states run the risk of losing out on a potential source of influence over recipient states to protect important strategic interests."
Is the Premier League Better than the Bundesliga?,con,"The PL has a higher revenue than the BL or any other league in the world. So, from an economical perspective, it is the most successful."
Is the Premier League Better than the Bundesliga?,con,"12
More than half of all PL clubs have majority owners born outside the UK. In the eyes of many, this makes them investment targets first - and sport clubs with a responsibility to tradition and local origin second."
Should American Football Be Banned?,pro,"13
The organizations that promote football are exploitative."
Should American Football Be Banned?,con,American football is too economically important to ban.
Should religious practices that incorporate self-harm be banned?,pro,"6
States have a duty to protect their citizens, even from themselves and religion."
Is the Scientific Process Objective?,pro,The scientific process is objective.
Is the Scientific Process Objective?,pro,"10
The scientific method promotes objectivity in scientific research."
Is the Scientific Process Objective?,pro,"3
Science is subject to institutional and social forces that compromise its objectivity (p. 1)."
Is OKC police officer Daniel Holtzclaw REALLY guilty of the crimes he was convicted of?,con,Daniel Holtzclaw is guilty of the crimes he was convicted for.
Is OKC police officer Daniel Holtzclaw REALLY guilty of the crimes he was convicted of?,pro,There was substantial evidence to prove that Holtzclaw was guilty of the crimes.
Is OKC police officer Daniel Holtzclaw REALLY guilty of the crimes he was convicted of?,pro,"Investigative techniques used by Oklahoma City police detectives were questionable, biased and/or unprofessional."
Is global overpopulation a myth?,con,"8
There are possible solutions that would allow society to live sustainably without suffering the consequences of a large population."
Is global overpopulation a myth?,con,"35
Concerns about overpopulation have been greatly exaggerated, as predictions regarding the global population vary and may be unreliable."
Is global overpopulation a myth?,pro,"29
The Earth's resources are finite and poorly distributed; sustaining the human population at its current growth rate is improbable."
Should higher education be publicly funded?,con,"5
Publicly funded higher education would lead to a more well-educated population, which has social and economic benefits."
Should Florida Pass HB 1 (Social Media Use for Minors)?,con,"This mandates third-party age verification for minors on social media, bans all accounts for minors younger than 16, and requires platforms to disclose content and data policies, with penalties for non-compliance."
Should Florida Pass HB 1 (Social Media Use for Minors)?,con,"For many children, bullying ends when the school day ends. Social media can allow bullying to continue 24/7 which could have a significant impact on the mental health and safety of the child/minor."
Should Florida Pass HB 1 (Social Media Use for Minors)?,pro,"Social media has been proven in growing research to be significantly sticky for its behaviorally addicting mechanisms. This mandate reduces the use of social media among minors, thereby protecting them from engaging in negatively reinforcing addicting behaviors."
Should Florida Pass HB 1 (Social Media Use for Minors)?,con,Mandates transparent policies on content and data usage.
Should Florida Pass HB 1 (Social Media Use for Minors)?,pro,"Prohibits account creation by under-16s, reducing exposure to harmful content."
Should Florida Pass HB 1 (Social Media Use for Minors)?,pro,"1
Enhances age verification to protect minors."
Should Florida Pass HB 1 (Social Media Use for Minors)?,pro,"When something disappears from people's lives, they tend to seek alternatives, which in this case are likely to be riskier and less moderated platforms or behaviors.
Click to see the pros and cons below this claim."
Should Florida Pass HB 1 (Social Media Use for Minors)?,con,Might lead to privacy concerns over third-party involvement in age verification.
Should Florida Pass HB 1 (Social Media Use for Minors)?,pro,"Infringement on Privacy and Autonomy: The bill proposes extensive parental control and monitoring, potentially infringing on minors' privacy and autonomy. Adolescents need to develop their own digital identities and learn to manage their online presence. Excessive oversight could undermine their ability to navigate and understand the digital world independently."
Should Florida Pass HB 1 (Social Media Use for Minors)?,pro,"‘Age’ is a policy standard that has proven to be quite ineffective ever since adopted. Early teens commit incredible crimes even without much access to the internet, and early teens also get more knowledgeable with/without much access to the internet. Age shouldn't be a metric."
Should LGBTQ+ Conversion Therapy Be Banned?,con,"18
LGBTQ+ conversion therapy should be banned."
Should LGBTQ+ Conversion Therapy Be Banned?,con,"4
Conversion therapy can be very harmful to those who experience it."
Should LGBTQ+ Conversion Therapy Be Banned?,con,"4
Keeping conversion therapy legal enables the exploitation and marginalisation of sexual minorities."
Should LGBTQ+ Conversion Therapy Be Banned?,con,Conversion therapy can be a fulfilling experience for those who undergo it.
Should LGBTQ+ Conversion Therapy Be Banned?,con,"4
Banning conversion therapy would violate the religious freedoms of people."
Should LGBTQ+ Conversion Therapy Be Banned?,con,"6
Without conversion therapy, many conservative communities may permanently exclude LGBTQ+ people."
Should Society Normalise Men Wearing Dresses/Skirts?,pro,Normalising men wearing dresses/skirts would promote gender equality.
Should Society Normalise Men Wearing Dresses/Skirts?,con,"10
People ought to be free to wear what they want without being subjected to negative social consequences."
Should the age of consent be lowered to fourteen?,con,"4
The age of consent should be lowered to 14."
Should the age of consent be lowered to fourteen?,con,"2
A lower age of consent will more accurately reflect the reality of when teenagers become sexually active."
Should the age of consent be lowered to fourteen?,con,Lowering the age of consent would help de-stigmatize youth sexuality.
Should the age of consent be lowered to fourteen?,con,"2
There is a historical precedent and cultural support for a lower age of consent."
Should the age of consent be lowered to fourteen?,con,Lowering the age of consent would make children more vulnerable to abuse and exploitation.
Should the age of consent be lowered to fourteen?,con,"3
Lowering the age of consent could increase the spread of STIs."
Should the age of consent be lowered to fourteen?,con,Lowering the age of consent could increase the amount of unwanted teenage pregnancies.
Is the state necessary and beneficial to society?,pro,The state provides critical benefits to its citizens.
Is the state necessary and beneficial to society?,con,"The state is inherently an instrument of domination and repression, no matter who is in control of it."
"Is ""The Last Jedi"" one of the weakest Star Wars movies so far?",pro,"The progressive cultural themes (and adult level of drama) used to be secondary to a mythology/fairytale for the whole family, but The Last Jedi just threw away that fairytale heart."
"Is ""The Last Jedi"" one of the weakest Star Wars movies so far?",con,"22
The reception of The Last Jedi suggests that, although the movie is controversial, many fans and critics liked it."
"Is ""The Last Jedi"" one of the weakest Star Wars movies so far?",pro,"14
Many of the protagonists have well-written arcs and undergo interesting transformations, and the overall cast of characters is colorful."
Is Classic World of Warcraft better than Retail WoW?,con,WoW Classic is very time-consuming and tedious to play.
Is Classic World of Warcraft better than Retail WoW?,con,"3
WoW Classic's character customization abilities are much worse than Retail's.
 Unsupported
Needs con claims."
Should cosmetic surgery be banned?,pro,Allowing cosmetic surgery sends problematic messages about the need to change and improve one's appearance to meet societal expectations.
Should cosmetic surgery be banned?,con,"17
People cannot consent to cosmetic surgery, as it does not meet the legal standard of informed consent."
Should cosmetic surgery be banned?,pro,Banning cosmetic surgery would harm the progress and provision of non-cosmetic surgical procedures.
Should cosmetic surgery be banned?,con,"3
Cosmetic surgery is beneficial for the economy."
Should Turkey be part of the European Union?,con,"There are many Turks already living and working in the European Union, contributing to it economically and culturally."
Should Turkey be part of the European Union?,con,"Historically, Turkey and its predecessor states were always part of Europe culturally, politically and economically."
Should Turkey be part of the European Union?,pro,The European Union should focus on its numerous internal problems before considering any further expansion.
Should Turkey be part of the European Union?,con,Turkey is a large and populous economy. If it joined the EU there would be huge disruption to the political and economic status quo of the EU.
Should Turkey be part of the European Union?,pro,Turkey is already engaging what could be described as inappropriately blackmailing countries like Sweden and Finland regarding NATO membership. Such problems could be more severe if it was an EU member as well.
Is school bad for your mental health?,con,"6
Schools expect and encourage conformity, which can be limiting and harmful to mental health."
Is school bad for your mental health?,pro,"11
The education provided by schools equips students with skills and knowledge that set them up for better mental health in adult life."
Is school bad for your mental health?,con,"5
Schools often play a vital role in both identifying and mitigating child safeguarding concerns, which could otherwise have a disastrous effect on a child's mental health."
Is it Time for Hungary and the EU to Part Ways?,con,Hungary has consistently been at odds with the EU.
Is it Time for Hungary and the EU to Part Ways?,con,"7
Hungary would be better off economically outside the Single Market."
Is it Time for Hungary and the EU to Part Ways?,pro,"1
Without restrictions from the EU, Hungary would be free to address pressing political, social and economic problems better."
Is it Time for Hungary and the EU to Part Ways?,pro,"3
Leaving the EU would result in Hungarian people losing their EU citizenship, which provides important benefits for everyone."
Should governments fund liberal arts degrees?,pro,"27
Liberal arts graduates do not have good job prospects."
Should governments fund liberal arts degrees?,pro,"2
Government funding should only be used to produce graduates who can directly help society."
Should governments fund liberal arts degrees?,pro,"5
Liberal arts degrees provide skills that are needed in order to guide the careful development of powerful new technologies."
Is there a place for a uniform in today's education system?,con,"5
Uniforms kill creativity, dampening an essential part of the human condition."
Should Euthanasia Be Legalised?,pro,"Medical professionals have a moral obligation to save a life if possible, and should never willfully end a life."
Should Euthanasia Be Legalised?,con,"3
Its legalization will contribute to a devaluation of life."
Is cultural appropriation wrong?,pro,"28
Cultural appropriation is wrong."
Is cultural appropriation wrong?,pro,"3
Minority cultures are often exploited by the majority for profit."
Is cultural appropriation wrong?,pro,"13
Cultural appropriation often negatively influences people's perceptions of minorities."
Is cultural appropriation wrong?,pro,"17
People belonging to the appropriated culture consider it wrong."
Is cultural appropriation wrong?,pro,"19
Telling people how they can look and behave violates their freedom to express themselves however they choose, provided they do no harm."
Should the European Union intervene in the political conflict in Catalonia?,con,"1
The European Union should intervene in the political conflict in Catalonia."
Should the European Union intervene in the political conflict in Catalonia?,pro,The European Union has a responsibility to promote cooperation and dispute resolution.
Should the European Union intervene in the political conflict in Catalonia?,pro,"3
Catalonia's autonomy must be protected to avoid similar repression by any member state government."
Should the European Union intervene in the political conflict in Catalonia?,con,Catalonia is a key contributor to the European economy. Europe must act to avoid instability in the region.
Should the European Union intervene in the political conflict in Catalonia?,pro,It is against EU's interest to promote separatism.
Should the European Union intervene in the political conflict in Catalonia?,pro,"Catalans (and the rest of Spain) are pro EU already, so it seems Catalans are happy with the current support the EU gives."
Should Israel Remain Democratic Even If that Would Ultimately Lead to it No Longer Being a Jewish State?,pro,"3
Israel must choose to reject democracy in order to protect its Jewish population."
Should Israel Remain Democratic Even If that Would Ultimately Lead to it No Longer Being a Jewish State?,pro,"9
Israel must remain democratic to protect its minorities, especially the Arab Israeli minority."
Should Israel Remain Democratic Even If that Would Ultimately Lead to it No Longer Being a Jewish State?,pro,Israel choosing to be Jewish would destroy the Palestinian peace process.
Should Cinco de Mayo be celebrated in the US?,con,The continued celebration of this holiday distorts Mexican history.
Should Cinco de Mayo be celebrated in the US?,pro,"7
Many businesses in America use Cinco de Mayo as a way to profit off of Mexican culture."
Should North African countries be allowed to be part of the EU?,con,Areas outside of what is traditionally considered Europe have been allowed to join the EU before.
Should North African countries be allowed to be part of the EU?,pro,"1
There are already many North Africans moving into Europe. EU could lose control over the migration process with open borders."
Should North African countries be allowed to be part of the EU?,con,"3
The modus operandi in which Northern African countries rule their economy, government, and society would just not work or fit in the European way."
Should Law and Morality be Related?,con,"16
The law and morality are inherently connected."
Should Law and Morality be Related?,con,No law could encompass every moral consideration or personal code of ethics.
Should Law and Morality be Related?,pro,The law should prohibit conduct which is considered to harm the greater good of society - regardless of whether the conduct is moral or not.
Should Law and Morality be Related?,con,"8
The law has no inherent relationship with metaphysical concepts (e.g., morality, truth or justice)."
Should we Have a 100% Inheritance Tax?,con,A 100% inheritance tax on inherited wealth above €1 million would be beneficial from a macroeconomic perspective.
Should we Have a 100% Inheritance Tax?,pro,"7
A 100% inheritance tax on all inherited wealth above 1 million euros undermines property rights."
Should we abolish political parties in the USA?,pro,"2
We don't need to end political parties in the USA, but really getting other parties supported and into offices. By doing so, we could get a system where compromise will actually happen for the betterment of all of the people of the country."
Should we abolish political parties in the USA?,pro,"1
Our problems are the hidden party that government serves today. It serves the capitalists and the oligarchs. In that, both parties are united. If government is to serve all of the people, there needs to be less differences between the classes."
Should begging for money be illegal?,pro,"3
Enforcing a ban against begging is likely to provoke cruelty."
Should the Oxford-AstraZeneca Vaccine Rollout Have Been Universally Suspended?,pro,"3
Significant, undocumented vaccination side-effects for COVID-19 erodes the public trust in vaccination programmes entirely; better to temporarily suspend than lose public trust."
Should the Oxford-AstraZeneca Vaccine Rollout Have Been Universally Suspended?,pro,"It is unethical to promote any healthcare intervention that has not been rigorously tested, as it undermines the patient's right to informed consent."
Should the Oxford-AstraZeneca Vaccine Rollout Have Been Universally Suspended?,pro,"Without a burden of proof, vaccine rollout should not be suspended. Correlation does not imply causation."
Is Cancel Culture Beneficial to Society?,pro,Cancel culture fosters awareness and promotes positive values.
Is the European Union the greatest political peace accomplishment in modern History?,con,"3
The economic & political construction of the EU still allows inequalities and social struggles inside its borders, which leads to non-physical violence."
Is the European Union the greatest political peace accomplishment in modern History?,con,"1
What I think as european cititzen is that EU is an oligarchy where Germany and France can make economic war againt other european states as seen in the Greek crisis (Greece was and still is a broken state)"
Should the United States have more than two major political parties?,con,"7
More parties would prevent either legislative chamber from being fully controlled by a single party."
Should the United States have more than two major political parties?,pro,Multi-party systems produce coalition governments; these are less efficient in their decision-making.
Should conscientious objection to abortion be banned?,con,"1
Conscientious objection to abortion should be banned"
Should conscientious objection to abortion be banned?,pro,Personal beliefs have no place in the medical profession.
Should conscientious objection to abortion be banned?,con,"11
Conscientious objection endangers the lives and health of women."
Should conscientious objection to abortion be banned?,con,Conscientious objection is discriminatory and undermines women's rights.
Should conscientious objection to abortion be banned?,con,"5
Legalizing conscientious objection undermines the rule of law."
Should conscientious objection to abortion be banned?,con,"11
Laws permitting conscientious objection are discriminatory in favour of Christianity and against other religions."
Should conscientious objection to abortion be banned?,pro,"12
Performing abortions is only one element of medicine. People should be able to choose to specialise without being forced to perform this particular procedure."
Should conscientious objection to abortion be banned?,con,"7
Banning conscientious objection would violate medical staff's freedom of religion."
Should conscientious objection to abortion be banned?,pro,"2
Such a policy would be counterproductive and hurt the women it aims to protect."
Should conscientious objection to abortion be banned?,pro,Abortion is unethical and it is perfectly legitimate for medical staff to refuse to perform an unethical medical procedure.
Is capitalism good?,pro,"12
Capitalism incentivizes productivity among workers."
Is capitalism good?,pro,"10
Capitalism has enabled unprecedented improvements in living standards."
Is capitalism good?,pro,"9
Capitalism promotes unregulated market forces which leads to more efficient production, compared to regulated or planned economies."
Is capitalism good?,pro,"14
Capitalism promotes meritocracy, which is a beneficial outcome."
Is capitalism good?,pro,"9
Capitalism promotes equality."
Is capitalism good?,pro,"11
Capitalism explicitly prioritizes profits over the wellbeing of others, as the wellbeing of others can be incompatible with maximizing profits. Hence, capitalism will inevitably come at the expense of human wellbeing, which is unethical."
Is capitalism good?,pro,"15
Capitalism violates the human rights for social protection and an adequate standard of living, since the causes of poverty and hunger are tied to globalized capitalism."
Is capitalism good?,con,"11
Capitalism leads to imperialism, which has resulted in devastating consequences for countries."
Should it be okay to publicly approach strangers for sex?,pro,"93
It should be okay to publicly approach strangers for consensual sex."
Should it be okay to publicly approach strangers for sex?,pro,"2
Approaching a stranger in public for consensual sex has a range of potential benefits."
Should it be okay to publicly approach strangers for sex?,pro,"38
Individuals are free to act as they wish, provided they do no harm."
Should it be okay to publicly approach strangers for sex?,pro,Approaching strangers for consensual sex in public may be harmful or dangerous.
Is citizen science beneficial to science?,pro,Citizen science promotes scientific progress.
Is Hamlet Mad?,con,"7
Hamlet exhibits symptoms that are consistent with diagnosable mental disorders."
Is Hamlet Mad?,con,"The degree to which Hamlet is portrayed or viewed as mad varies greatly depending on the broader social, political, and intellectual context in which it is appraised or performed."
Should US internet platforms be able to remove or demote speech by elected public figures?,pro,"7
Internet platforms in the US should not prohibit or demote any speech by elected officials."
Should US internet platforms be able to remove or demote speech by elected public figures?,con,Elected public figures are trusted by the general populace - it is not the place of an internet platform to go against public consensus.
Should US internet platforms be able to remove or demote speech by elected public figures?,con,The removal or flagging of elected officials' speech constitutes a First Amendment violation.
Is Narendra Modi good for India?,pro,"7
PM Modi has improved India's infrastructure."
Is Narendra Modi good for India?,con,"3
Under PM Modi's leadership, the Indian economy has flourished."
Is Narendra Modi good for India?,pro,"14
PM Modi has improved Indians' quality of life."
Is AI art theft?,pro,"1
Even if AI is not directly stealing from creators content, it steals from their presence and thus also potential clients.
Click to see the pros and cons below this claim."
Is AI art theft?,con,These services in particular are making bank from user subscriptions. Some of that should go to the artists who—willingly or unwillingly—contributed to the model.
Is AI art theft?,pro,"If an artist’s name, unique title of a work, or other reference were used in a prompt, it is building directly on the artist’s work, and not compensating them."
Is AI art theft?,con,"3
Artists are not compensated for their contributions."
Is AI art theft?,con,"3
Many of these datasets use content that was not explicitly permitted to be used to train the AI."
Is AI art theft?,con,"7
The term ‘theft’ can be misleadingly concrete in this assertion, which in turn can make it seem easy to dismiss. A thorough examination would dismiss a concrete interpretation in favor of an abstract one, in which the act must be examined ethically."
Is AI art theft?,pro,"“Theft” does a lot of heavy lifting as it implies not just the duplication of a product, but for the purpose of enjoying said product without having to pay the creator. A pirated movie is a potential lost sale. Training an AI does duplicate the product, but said product is effectively disassembled for parts so the AI can learn; inside the AI system, the work is no longer there, but is part of the amalgam of collected data."
Is AI art theft?,pro,"Art produced by AI is, thus far, derivative and deconstructed, both of which are protected and neither require any compensation on the part of the owners of the original work; e.g. Andy Warhol doesn’t owe Campbell’s anything just because he painted their soup can."
Is AI art theft?,pro,The operator of AI creation tools adds their own creativity by writing the prompt. This adds sufficiently 'new' things to the work to be considered original.
Should Trump be impeached and removed from office?,con,"13
Allowing Trump's alleged misconduct to continue without consequences sets a dangerously poor precedent for future leaders of the country."
Should Trump be impeached and removed from office?,con,"16
Trump has tried to take actions that are unconstitutional. For this, he should be impeached."
Should Trump be impeached and removed from office?,pro,"1
Trump becoming impeached could cause more uproar than it is probably worth. It could simply be left up to the people again to decide if he should be in office or not at the next elections."
Should Trump be impeached and removed from office?,con,"Absolutely not!Predident Trump has comiited no crime and is a victim of unjustified attacks and accusations by corrupt individuals in Congress, the judiciary and the media."
Should nuclear energy replace fossil fuels?,pro,"14
Nuclear energy is usually powered by uranium, a nonrenewable source of energy, which is inherently unsustainable.
 Unsupported
tried to merge the pro into this claim but there is very little evidence to suggest uranium would run out during humans' time on earth...would be good to look at what we could do here.
Show more"
Should Obligatory Community/Military Service Be Introduced?,pro,"9
Performing community/military service provides benefits for the individuals who participate."
Should churches pay tax?,pro,"2
Giving churches an automatic tax break could be viewed as the state supporting religion, which is inappropriate."
Should churches pay tax?,pro,"23
Churches are often politically active and thus don't deserve tax-exempt status, which is accorded to non-politically active non-profits."
Should churches pay tax?,pro,"1
Religions generally approve of paying taxes."
Is Star Citizen a scam?,pro,The scope of the project keeps growing so that more money can be raised without ever releasing a finished product.
Is Star Citizen a scam?,pro,There is evidence that CIG is likely to release a product at some point.
Is Pornography Art?,pro,Art is the use of creativity to produce something that is both expressive and aesthetically pleasing. Porn does just this.
Is Pornography Art?,pro,"2
Pornography is a multi-billion dollar industry which does not aim at generating beauty or art, but profit."
Should (compulsory) school education focus on science rather than humanities?,pro,"6
There is no human progress without science. For its purpose, science explains the way the natural world behaves. The more knowledgeable you are about science, the more creative you become, the more you'll contribute to humanity."
Should (compulsory) school education focus on science rather than humanities?,con,"3
Science is the backbone of our society and we need many people that care conversant in its many aspects."
Should (compulsory) school education focus on science rather than humanities?,con,The idea of science and humanities as separate complete concepts is now recognized as a false dichotomy. Thus it would be irresponsible for educators to continue perpetuating this by focusing on 'one over the other'.
Should life skills be taught in K12 school?,pro,"6
Teaching life skills in school will improve student attitudes to learning."
Should private schools be banned?,pro,"1
Public education is likely to improve in a world without private schools."
Should private schools be banned?,con,Private schools are good for the economy.
Should public nudity be legal?,pro,"21
Public nudity is a valid and popular form of self-expression and thus should be recognized and protected by law."
Should public nudity be legal?,pro,"The normalization of public nudity would provide a variety of social benefits. To achieve this normalization, public nudity must be legalized."
Is Fine Tuning Good Evidence for a Creator?,con,Many physical constants appear finely tuned for scientific discovery.
Is Fine Tuning Good Evidence for a Creator?,con,"1
Many physical constants appear finely tuned to permit life."
Is Fine Tuning Good Evidence for a Creator?,pro,"Just because an event is highly unlikely to occur due to chance, that does not mean the outcome was probably not due to chance."
Is Fine Tuning Good Evidence for a Creator?,con,"Ryan Stringer's ""divine pruning argument"" defeats the fine tuning argument because it uses the same logic to arrive at the opposite conclusion."
Is Fine Tuning Good Evidence for a Creator?,con,"4
We cannot infer that most combinations of physical laws and constants would be incapable of supporting life."
Is Fine Tuning Good Evidence for a Creator?,pro,"If God finely tuned the universe, he would have to be finely tuned too. Thus, God doesn't help solve the problem."
Should the Electoral College be abolished?,pro,"4
The Electoral College reduces the probability that electoral mechanisms fail."
Should fracking be banned?,pro,"12
Fracking is known to cause health problems in the areas surrounding the drill sites."
Should fracking be banned?,con,"18
Fracking makes economic sense."
Should fracking be banned?,pro,"5
Fracking at home reduces the dependence on overseas producers of oil and gas."
Should fracking be banned?,pro,"9
An outright ban would rule out any potential future improved system that might be safe for the environment."
Should fracking be banned?,con,"2
All sources of Oil and Gas have some environmental consequences and risks: from blowouts that can affect a whole coastline to pipeline leaks that affect a previously unspoiled locality. For as long as we continue to need these resources the Government has a responsibility to tightly regulate 'all' sources of them to achieve near-zero risk. The cost consequences would be more tightly focused than any blanket ban."
Should the US Recognize Palestine as a State?,con,"27
The US should not support the two-state solution, which is concomitant with recognizing Palestine as a state, as it is not the best outcome for the region."
Should the United States close Guantanamo Bay?,con,Guantanamo Bay's continued use is unethical.
Should the United States close Guantanamo Bay?,pro,Closing Guantanamo Bay will improve American diplomatic relations.
Should homework be mandatory?,con,Homework perpetuates inequalities by penalizing students who don't live in an environment conducive for doing homework.
Should The Date of Australia Day Be Changed?,pro,"1
The indigenous people have many greater problems to solve that are more important than symbolism."
Should The Date of Australia Day Be Changed?,pro,"2
Changing the date of Australia Day would lessen the impact and visibility of Invasion Day protests. The uglier aspects of Australia's origin belong as part of the National Holiday."
Should all children be taught to code in school?,pro,"1
Coding has become an important skill to contribute to society through volunteering, non-profits, civics, and so on by building or improving public interest and open source technologies."
Is it ethical to design and build weapons of war?,con,Weapons are necessary to deter conflict.
Should Infants be Baptized?,pro,"Baptism should only be given to people who repent and profess faith in Jesus Christ, which excludes infants."
Should Countries Taking In Refugees Confiscate their Valuables?,con,"32
Countries that accept refugees must confiscate their valuables worth more than €10,000."
Should Countries Taking In Refugees Confiscate their Valuables?,con,"3
Confiscating their valuables would show that refugees have something to give in return, which would be good for their reputation."
Should Countries Taking In Refugees Confiscate their Valuables?,con,"8
Confiscating refugees’ valuables is a good method to make sure that they contribute fairly to the social services they will access in the country they take refuge in."
Should Countries Taking In Refugees Confiscate their Valuables?,con,"4
Confiscating refugees' valuables would work as deterrence and help keep refugees out."
Should Countries Taking In Refugees Confiscate their Valuables?,pro,"3
One of the main duties of a modern democratic state is to provide and protect the right of property. Confiscating the private property of refugees violates that important human right."
Should Countries Taking In Refugees Confiscate their Valuables?,con,"3
Confiscating refugee valuables can harm a country by giving them a negative international reputation."
Should The Catholic Church Publicly Elect Its Leaders?,pro,The values of the Church are outdated. Having public elections would likely make the Church become more progressive and catch up with contemporary societal values.
Should transgender personae only be performed by transgender people?,pro,It is counterproductive for transgender people's acceptance in society.
Should transgender personae only be performed by transgender people?,pro,"It forces actors to define their identity, which can lead to the actors outing themselves. I.e. an actor perceived as cis may have to come out as trans to respond to protests for them playing the role, even if this was not public knowledge."
Should transgender personae only be performed by transgender people?,pro,"3
It's conceivable that there could be sensitive and appropriate ways to allow cis people to play transgender characters rather than completely excluding the possibility."
Should STEM Degrees Be Free?,con,"1
STEM graduates are economically good investments for society."
Should STEM Degrees Be Free?,pro,Having more STEM graduates will boost humanity's scientific and technological progress.
Should the United Kingdom Ban the Burqa and Niqab?,con,"16
When a religion uses deadly violence and forces that religion onto other people, it should not be considered a religion anymore and should therefore lose the rights associated with it. It becomes a threat to life."
Should the United Kingdom Ban the Burqa and Niqab?,con,"1
A tolerant society rather then a ban is more attractive to young people then a society which tries to control them by telling what to wear."
Is Elon Musk's takeover of Twitter good for the public?,con,Takeover of media outlets by billionaires is never a good thing due to the structure of control even with the best intentions and expertise.
Is Elon Musk's takeover of Twitter good for the public?,con,"1
Many users are leaving the platform after and due to various activities and decisions by Musk, including users with large audience and/or contributing particularly valuable content such as academics."
Should children own a smartphone?,pro,"Children might encounter inappropriate content they are not prepared to deal with, like pornography, violence and extremist ideologies."
Should children own a smartphone?,con,"1
Children owning smartphones benefits the global economy."
Is Daenerys Targaryen the Prince/Princess that was Promised?,pro,"3
Daenerys Targaryen is the Prince/Princess that was Promised."
Is Daenerys Targaryen the Prince/Princess that was Promised?,pro,"The prophecy describes the Prince as the one to ""wake dragons out of stone""."
Is Daenerys Targaryen the Prince/Princess that was Promised?,pro,"According to the prophecy, the Prince would be born out of ""salt and smoke""."
Is Daenerys Targaryen the Prince/Princess that was Promised?,pro,"8
The prophecy mentions that the Prince would be born ""when the red star bleeds and the darkness gathers""."
Is Daenerys Targaryen the Prince/Princess that was Promised?,pro,"27
The woods witch, in a separate prophecy, mentions that the Prince would be born from the bloodline of Rhaella and Aerys II Targaryen."
Is Daenerys Targaryen the Prince/Princess that was Promised?,pro,The Prince that was Promised could be the 'three headed dragon' rather than Daenerys herself.
Is Daenerys Targaryen the Prince/Princess that was Promised?,pro,"1
The prophecy describes the Prince as forging and wielding a flaming weapon: the Lightbringer. Daenerys does not wield a weapon."
Is Daenerys Targaryen the Prince/Princess that was Promised?,pro,"3
In Daenerys' vision Rhaegar Targaryen describes the story of the Prince that was Promised as ""The Song of Ice and Fire"". This does not fit Daenerys."
Is Daenerys Targaryen the Prince/Princess that was Promised?,pro,"16
There is no reason to believe that the prophecy of the Prince that was Promised is anything more than a myth."
Should Ex-Convicts Be Prioritised In The Job Market?,con,"5
Ex-convicts should be prioritised in the job market."
Should Ex-Convicts Be Prioritised In The Job Market?,con,Prioritising ex-convicts in employment will help to reintegrate them into society.
Should Ex-Convicts Be Prioritised In The Job Market?,con,Increasing job accessibility for ex-convicts will positively impact the labour market.
Should Ex-Convicts Be Prioritised In The Job Market?,con,"Without intervention, ex-convicts will remain at a disadvantage compared to regular citizens."
Should Ex-Convicts Be Prioritised In The Job Market?,con,Prioritising ex-convicts in the job market would be unfair to law-abiding citizens.
Should Individuals Be Allowed Paid Period Leave?,pro,"1
Period leave policies already exist in some countries and are proven to work. Therefore, implementing such policies in countries and companies which lack them should not be difficult as there are plenty of working models to choose from."
Should Individuals Be Allowed Paid Period Leave?,pro,Fewer women would be employed due to the additional expense imposed upon employers by this provision.
Should the UK Remain in the EU if the only Alternative is a Hard Brexit?,con,"10
A hard Brexit will significantly damage the UK economy."
Should the UK Remain in the EU if the only Alternative is a Hard Brexit?,con,"9
The UK should be able to control and limit its immigration policy as it sees fit."
Should the EU have its own army?,con,"9
The European Union should create a centrally controlled army in addition to the armies of member states."
Should the EU have its own army?,con,"5
A centrally controlled army would increase the EU's ability to defend itself and its allies."
Should the EU have its own army?,con,"2
An EU army would be economically beneficial for the EU."
Should students be allowed to use generative AI for assignments?,pro,"Allowing students to use genAI on assignments could enable students to waste less time on soon-to-be automated tasks and more time learning and practicing next-generation skills (such as fact-checking, logic-checking, and prompting genAI tools to produce better human-AI outputs)."
Should students be allowed to use generative AI for assignments?,pro,AI assistants may provide information that discourages its user from more comprehensive evaluation of a topic.
Should students be allowed to use generative AI for assignments?,pro,"Generative LLMs can undermine students' grades by producing false or misleading outputs (such as citations of papers that do not exist), including plain ""hallucinations"", which would yield low-quality results. Students could get educated on pitfalls of using genAIs, and their use could be discouraged (but not prohibited)."
Should the US have withdrawn from NAFTA?,pro,"8
NAFTA has increased the US' trade deficit, harming American prosperity and sustainability."
Should the US have withdrawn from NAFTA?,con,"8
NAFTA has led to an increase in immigrants in the US, hurting the American economy."
Should the US have withdrawn from NAFTA?,con,Withdrawing from NAFTA would have been harmful to the US economy.
Is Cloning Animals Ethical?,pro,"6
Cloning animals can provide a way for beloved family pets to live on."
Is Cloning Animals Ethical?,con,"6
It is unethical to clone animals when we have incomplete knowledge of its potential harmful consequences."
Is Cloning Animals Ethical?,con,"1
Animals cannot consent to being cloned."
Should Felons be Allowed to Vote?,con,"22
Convicted felons in the United States (that is: sentenced of a crime punishable with at least one year in prison or death) should permanently lose their voting rights."
Should Felons be Allowed to Vote?,pro,"18
Having violated the laws of society, a felon should not be part of the process through which society governs itself."
Should Felons be Allowed to Vote?,con,"14
Removing voting rights for convicted felons reduces crime rates."
Should Felons be Allowed to Vote?,pro,"3
The practice of felony disenfranchisement has its roots in America’s history of racism, and it continues to disproportionately impact people of color."
Should Florida Pass SB 1364 (Everglades Protection Area)?,pro,"Passing SB 1364 represents a significant commitment to environmental stewardship. It aligns with best practices in conservation and sets a precedent for responsible management of natural resources. The bill reflects Florida’s dedication to protecting its natural heritage and ensuring a sustainable future. Supporting SB 1364 is not just about preserving a wetland; it’s about affirming Florida’s role as a leader in environmental protection and sustainable development
Click to see the pros and cons below this claim."
Should Florida Pass SB 1364 (Everglades Protection Area)?,pro,Provides a clear process for challenging amendments.
Should Florida Pass SB 1364 (Everglades Protection Area)?,con,Encourages the construction of affordable housing.
Should Florida Pass SB 1364 (Everglades Protection Area)?,pro,Simplifies administrative process for small-scale development.
Should Florida Pass SB 1364 (Everglades Protection Area)?,con,May have unintended consequences in specific areas such as the Everglades.
Should an artificial general intelligence be created?,pro,AGI should be created because it can solve technocratic problems better than humans can.
Should an artificial general intelligence be created?,con,"5
It is immoral to create and control sentient life."
"Is Christian Domestic Discipline right, and is it what the Bible really suggests?",con,CDD is a lifestyle choice between consenting adults.
"Is Christian Domestic Discipline right, and is it what the Bible really suggests?",pro,CDD can produce positive effects in a relationship.
Should Psychiatrists Be Allowed to Diagnose Trump?,con,"4
The Goldwater rule unnecessarily silences psychiatrists and restricts their freedom of speech and ability to contribute to public discussion of mental health."
Should Psychiatrists Be Allowed to Diagnose Trump?,pro,Simply observing Trump in his public capacity does not give any psychiatrist enough information to make a proper evaluation; most diagnoses would be inaccurate as they would rely on incomplete information.
Should Psychiatrists Be Allowed to Diagnose Trump?,con,"If psychiatrists end up giving various different diagnoses of Trump's mental health, or disagreeing on whether he is actually mentally ill or not, public confidence in the institution of psychiatry will be undermined."
Should Psychiatrists Be Allowed to Diagnose Trump?,con,"Nobody, including Trump, should be diagnosed without their consent."
Should Children Learn About Gender Identity And Sexual Orientation In School?,con,"17
Teaching topics on gender and sexuality would require teachers to learn things that they may not have otherwise considered. This can make them more knowledgeable and compassionate educators."
Should Children Learn About Gender Identity And Sexual Orientation In School?,con,"2
Learning about gender identity and sexual orientation will create an environment more conducive to healthy adolescent development."
Should Inheritance be Abolished?,pro,"2
In a free market, it should be the owner's right to choose where their money and properties go when they die."
Should Inheritance be Abolished?,con,"5
Abolishing inheritance would disincentivize the creation of wealth, as any wealth they create will be confiscated rather than being passed down."
Should Ukraine become a member of NATO?,pro,"9
Russia has claimed that the West broke a promise it made in the 1990s not to expand NATO."
"Should the US remove Confederate memorials, flags, and monuments from public spaces?",con,"11
The US should remove Confederate memorials, flags, and monuments from public spaces."
"Should the US remove Confederate memorials, flags, and monuments from public spaces?",pro,"5
The statues can be kept without glorifying what they once stood for. They can be kept in museums with proper historical context rather than on a plinth to be admired."
"Should the US remove Confederate memorials, flags, and monuments from public spaces?",con,"25
The principal legacy of Confederate statues is white supremacy and slavery. Since this fundamentally conflicts with American values and ideas, they should be removed."
"Should the US remove Confederate memorials, flags, and monuments from public spaces?",con,"10
The Confederates committed treason against the United States. The United States should not continue to honor or memorialize them."
"Should the US remove Confederate memorials, flags, and monuments from public spaces?",con,"2
It is too divisive in modern day America to continue to display these monuments from a painful part of American history."
"Should the US remove Confederate memorials, flags, and monuments from public spaces?",con,"7
The power to take down statues also is the power to control history and thus, to control the future."
"Should the US remove Confederate memorials, flags, and monuments from public spaces?",pro,"3
Removing or renaming Confederate memorials/monuments presents a slippery slope wherein eventually any memorial linked to the colonial era or other problematic legacies could be considered representative of oppression, and thus deserving of eradication."
"Should the US remove Confederate memorials, flags, and monuments from public spaces?",con,"10
Confederate monuments, flags and memorials honor an important part of the American story."
"Should the US remove Confederate memorials, flags, and monuments from public spaces?",con,"7
These statutes have been around for a very long time and no one has cared. They were uncontested earlier and therewith became a part of our society."
Should minors need parental consent for abortions?,con,"9
Parental consent should be required for pregnant minors to have abortions."
Should minors need parental consent for abortions?,pro,"6
Doctors require parental consent for most medications and procedures. Due to an abortion's long-lasting implications, it should not be an exception."
Should minors need parental consent for abortions?,pro,"17
Parents have far more life experience and can appropriately balance the disadvantages with advantages."
Should minors need parental consent for abortions?,con,"5
Parental consent should be required on conditions."
Should minors need parental consent for abortions?,con,"1
Parental consent laws might increase the number of unsafe or illegal abortions."
Should minors need parental consent for abortions?,con,"17
Parental consent requirements may further enable abusive relationships between parents and their children."
Should minors need parental consent for abortions?,con,"9
Parental consent laws may lead minors to travel for abortions in other jurisdictions, which may pose financial, legal and health risks."
Should Comprehensive Sex Education be Mandatory?,con,"6
Mandatory comprehensive sex education will have unintended consequences."
Should Comprehensive Sex Education be Mandatory?,con,"It is unfair to force teachers to deliver content which may make them feel uncomfortable, or even actively contradict their beliefs."
Should Comprehensive Sex Education be Mandatory?,pro,"6
Comprehensive sex education from an early age is necessary to protect children from abuse."
Should Comprehensive Sex Education be Mandatory?,pro,"12
Comprehensive sexual education is necessary so people can fully exercise their reproductive and sexual rights."
Should Comprehensive Sex Education be Mandatory?,con,"5
Since education, as such, is mandatory in liberal democracies because it is a social and an economic good, then anything that is for the social and economic good should also be mandatory - otherwise, there is no reason for mandatory education, at all."
Should Governments Ever Limit Free Speech?,pro,"5
Free speech is important for the progression of a country's politics and culture."
Should Governments Ever Limit Free Speech?,pro,"7
Regulations on free speech protect individuals from unnecessary harm."
Should juveniles who commit violent crime be treated as adults in the criminal justice system?,pro,"4
Treating juveniles who commit violent crimes as adults in the criminal justice system will encourage more serious punishment, therefore better protecting society from these offenders."
Should juveniles who commit violent crime be treated as adults in the criminal justice system?,pro,"6
Nowadays, juveniles are used by syndicates to do crime because of their advantages on penalties. Reducing those advantages will dissuade the syndicates from using them by some degree. This shall be governed carefully to avoid moral problems to the juvenile."
Should pedophilia be classed as a sexual orientation?,pro,"32
Classing pedophilia as a mental disorder will ensure affected individuals receive appropriate treatment."
Is anarchy the only ethical system of society?,con,"5
Anarchy is flexible and is the best system to converge on rules desired by the people through a free market place of ideas."
Is anarchy the only ethical system of society?,con,"11
Anarchism allows for coexistence of societies/communities with a variety of organizational, political, and moral concepts - including non-anarchist ones."
Is anarchy the only ethical system of society?,pro,"18
Humans are naturally ethical and anarchy provides them with the freedom to live ethically."
Is keeping AI closed source safer and better for society than open sourcing AI?,con,Keeping AI closed-source slows down the speed at which bad actors gain control of powerful technology.
Is keeping AI closed source safer and better for society than open sourcing AI?,pro,"People's privacy and safety is better protected if e.g. medical professionals and non-profit organizations drive AI development and deployment, not commercial interests. Open source enables that."
Is keeping AI closed source safer and better for society than open sourcing AI?,pro,"Open source promotes the development of AI systems that are transparent and aligned with human values, reducing the risk of AI-driven harm."
Is Capital Punishment in the United States justified?,con,"9
The death penalty is often applied in an arbitrary, discriminatory, or inconsistent manner."
Is Capital Punishment in the United States justified?,pro,"7
The death penalty is not efficient in terms of costs and procedure."
Is Capital Punishment in the United States justified?,pro,"8
Capital punishment improves public safety."
Should Florida Pass HB 887 (Guardianship)?,pro,"This bill revises guardianship laws, mandates public guardian rotation, sets minors' visitation rights, requires strong evidence to restrict contact, specifies power of attorney suspension protocols, and imposes periodic guardianship reevaluations"
Should Florida Pass HB 887 (Guardianship)?,pro,"HB 887 introduces rigorous safeguards to prevent exploitation and neglect within the guardianship system. It mandates detailed reporting and accountability from guardians, ensuring that they manage their wards' finances and well-being transparently. These measures aim to address issues of abuse and mismanagement that have plagued the current system. By enforcing stricter oversight, the bill will help protect vulnerable individuals from potential harm."
Should Florida Pass HB 887 (Guardianship)?,pro,Establishes clearer criteria and procedures for suspension of power of attorney
Should Florida Pass HB 887 (Guardianship)?,pro,Protects the rights of the family to contact and visit the ward.
Should Florida Pass HB 887 (Guardianship)?,pro,"Could strain judicial resources with additional jury requirements
Click to see the pros and cons below this claim."
Should Florida Pass HB 887 (Guardianship)?,pro,May lead to more frequent court proceedings and disputes
Should Florida Pass HB 887 (Guardianship)?,con,Possible increased contention among family members due to formalized visitation rights and power of attorney decisions
Should Florida Pass HB 887 (Guardianship)?,pro,Potentially increases legal complexity and procedural burdens
Should the use of AI in law be welcomed?,pro,"AI is less susceptible to errors than human beings. In a legal context, this has the potential to prevent miscarriages of justice.
Click to see the pros and cons below this claim."
Should the use of AI in law be welcomed?,pro,"The automation of the legal practice should not be encouraged, as it poses a significant threat to the livelihoods of legal professionals."
Should Conduct in Virtual Reality be Subject to the Laws of the Real World?,pro,"4
Actions in virtual reality can have profound psychological consequences."
Should Conduct in Virtual Reality be Subject to the Laws of the Real World?,pro,"10
Activities exclusive to virtual economies should be afforded the same set of protections as those in the real economy."
Should Conduct in Virtual Reality be Subject to the Laws of the Real World?,con,Actions can be immoral and harmful to the point of illegality —  even if they do not have physical consequences.
Should Conduct in Virtual Reality be Subject to the Laws of the Real World?,con,"9
Virtual realities allow people to easily conduct crimes of a far greater magnitude than is possible in the real world."
Should Conduct in Virtual Reality be Subject to the Laws of the Real World?,con,"3
If a particular virtual reality allows for crimes to be performed, users have consented to that possibility."
Should Florida Pass SB 1178 (Condominium and Cooperative Associations)?,pro,"This bill regulates condo/co-op associations, entails manager/disclosure rules, mandates record return on contract end with penalties for noncompliance, and dictates conflict of interest protocols."
Should Florida Pass SB 1178 (Condominium and Cooperative Associations)?,pro,"Disputes between residents and associations can often lead to prolonged conflicts and dissatisfaction. SB 1178 addresses this issue by introducing improved dispute resolution mechanisms. The bill provides for mediation and arbitration processes to resolve conflicts more efficiently and fairly. By streamlining these processes, SB 1178 aims to reduce the need for costly and time-consuming legal battles, fostering a more harmonious community environment.
Click to see the pros and cons below this claim."
Should Florida Pass SB 1178 (Condominium and Cooperative Associations)?,pro,Requires conflict of interest disclosures to protect association interests.
Should Florida Pass SB 1178 (Condominium and Cooperative Associations)?,con,"Implements consequences for the non-return of records, ensuring accountability."
Should Florida Pass SB 1178 (Condominium and Cooperative Associations)?,con,Enforces transparency among condo/co-op association managers.
Should Florida Pass SB 1178 (Condominium and Cooperative Associations)?,con,May lead to cancellation of beneficial contracts due to strict compliance requirements.
Should Florida Pass SB 1178 (Condominium and Cooperative Associations)?,pro,Requires associations to navigate more complex contract approval processes.
Should Florida Pass SB 1178 (Condominium and Cooperative Associations)?,con,"The presumption of conflict may unfairly affect managers with non-disclosed, but non-material, conflicts."
Is Vigilantism Ever Permissible?,pro,"1
When the state and its organs prove incapable of providing justice to the people, it is necessary for some other group to step up and provide said justice."
Is Vigilantism Ever Permissible?,pro,"1
Communities would feel safer knowing that a group has protectors hiding in plain sight, in their community."
Is Vigilantism Ever Permissible?,con,"4
Taking charge of the law means challenging the state’s capacity to implement law and order. Since this capacity is ultimately based on coercion, vigilantism can be considered as challenging the state’s monopoly on legitimate violence."
Is Gender a Social Construct?,con,"59
Gender is a social construct."
Is Gender a Social Construct?,con,"36
Gender is a social construct because its features are fluid and change throughout time and across societies."
Is Gender a Social Construct?,con,"7
Gender is constructed to uphold hierarchical social structures and would not exist otherwise."
Is Opposite Sex Parenting Preferable to Same-Sex Parenting?,pro,"A husband and wife can impart significantly more knowledge and wisdom, as they differ more in perspectives, procedures, relationship, and relatability than a homosexual couple."
Is Opposite Sex Parenting Preferable to Same-Sex Parenting?,pro,"1
Same sex couples are generally more prepared to be good parents and provide a loving and stable home than opposite sex couples."
Is Opposite Sex Parenting Preferable to Same-Sex Parenting?,con,Same-sex parents are more likely to raise compassionate and politically/socially involved children who concern themselves with creating a fairer world.
Should all religions be banned on a global scale?,pro,"10
Religion has been an obstacle to social progress."
Should all religions be banned on a global scale?,con,"3
Religion is the primary cause of conflict around the world."
Should all religions be banned on a global scale?,con,Religion is used to instill psychological control through guilt and fear.
Should every country be ethno-nationalist?,con,Ethno-nationalism would be detrimental to the economy of the nation.
Is it okay to physically torture prisoners?,con,"20
Torture could act as an excellent deterrent. Knowing torture is acceptable is likely to make individuals reconsider actions that leave them vulnerable to it."
Is it okay to physically torture prisoners?,pro,"4
The beneficial insights into human physiology and psychology revealed in the process of torture help justify its application."
Should graphic warning images be removed from cigarette packaging?,pro,The inclusion of graphic images helps to improve outcomes for both smokers and non-smokers.
Is Science Akin To Religion?,con,"Science typically acknowledges questions it can't answer instead of putting forward answers as the truth, most likely truth or a good thing to believe in. There are many open questions in science such as what dark matter is. In science, belief, especially strong belief, has a negative connotation while religions consider it a virtue."
Is Science Akin To Religion?,con,"19
Science is highly dynamic and constantly evolving; religions are usually static and conservatory."
Is Science Akin To Religion?,pro,"4
Science has a very high success rate in estimating the outcome of its predictions which are proven by technology inventions improving lives. No religion could demonstrate its predictions with that kind of accuracy or success rate."
Is Science Akin To Religion?,pro,"4
Religion is based on fantasy and huge leaps of faith. Science is provable by justifiable facts. Gravity is caused by the mass of objects, fact. God exists, fantasy."
Should Florida Pass HB 1431 (International Drug Reference Pricing)?,pro,"This bill imposes international price benchmarking for prescription drugs from 2025, promises lower costs for patients/payers, demands reporting, and enforces fines for noncompliance."
Should Florida Pass HB 1431 (International Drug Reference Pricing)?,pro,"The rising cost of prescription drugs is a significant driver of overall health care expenses. By reducing drug prices through HB 1431, Florida can contribute to the broader goal of controlling health care costs and ensuring the sustainability of health care systems. Lower drug costs can alleviate financial pressure on both individual patients and public health programs, leading to more sustainable and efficient health care delivery.
Click to see the pros and cons below this claim."
Should Florida Pass HB 1431 (International Drug Reference Pricing)?,pro,Annual reporting and monitoring could provide data for further healthcare financial reforms.
Should Florida Pass HB 1431 (International Drug Reference Pricing)?,con,Can potentially lower drug costs for consumers.
Should Florida Pass HB 1431 (International Drug Reference Pricing)?,pro,Risk of reduced profits might discourage drug companies' investment in innovation.
Is the Gulabi Gang a force for good in India?,pro,"1
The Gulabi Gang provides an effective platform to bring systematic change to India."
Is the Gulabi Gang a force for good in India?,pro,"7
Apart from its efforts to combat sexual violence, the Gulabi Gang is also helping women cope with the day-to-day problems that they face in a sexist society."
Should humans procreate?,pro,Humans should not procreate.
Should humans procreate?,con,"14
Every human puts a great strain on the environment through consumption."
Should humans procreate?,pro,"2
Procreating is selfish."
Should humans procreate?,pro,"1
Procreation comes with great risks for the mother."
Should humans procreate?,pro,"6
Not procreating will ultimately lead to human extinction and this is a bad thing."
Should humans procreate?,pro,"4
Humans have a right to determine what happens to their bodies. Procreation is one such choice."
Should humans procreate?,pro,Procreation is in our nature.
Should humans procreate?,pro,"3
Procreating brings joy and security to parents."
Is LeBron James better than Michael Jordan?,con,"2
LeBron James has had a longer and more consistent NBA career than Michael Jordan."
Should European Monarchies Be Abolished?,con,Monarchy is an outdated concept.
Is Having Children Selfish?,con,"4
There can be a selfish economic motivation behind having children."
Is Having Children Selfish?,con,Having a child involves considerable sacrifice on the part of parents. It is a more selfless than selfish decision.
Should Referendums Be Abolished?,pro,"6
The average citizen, unlike a professional politician, is not able to make well-grounded decisions about complex political subject matters."
Should Referendums Be Abolished?,pro,"38
Referendums provide a way to settle contentious issues when elected officials are unable to make a decision."
Should Referendums Be Abolished?,con,"Referendums for policy decisions should be an option, but their use should be constrained, with high thresholds to get on the ballot and constraints on the types of policies they can control."
Should homeschooling be banned?,con,"11
Homeschooling can make children more vulnerable to abuse and other harmful situations, preventing them from continuing their education later in life."
Should homeschooling be banned?,pro,Homeschooling can improve the academic attainment of many students.
Should mobile phones be used in the classroom?,pro,"3
Mobile phones are a good way of providing easy access to learning resources."
Should There Be Religious Exemptions To The Law?,con,"6
For citizens in the US, this violates the First Amendment: ""Congress shall make no law respecting an establishment of religion""."
Should There Be Religious Exemptions To The Law?,con,"4
Laws have been created from religious right and wrongs. It would undermine their creation to ignore religion when contemplating the law."
Should There Be Religious Exemptions To The Law?,pro,"2
Laws are created to protect our society and so if we create religious exemptions to our laws then we are not protecting our society but instead creating precedent for overruling any law that goes against our individual core beliefs."
Should There Be Religious Exemptions To The Law?,pro,"1
The purpose of the law is to protect the rights of the citizens. So long as no one's rights are being violated, there are no good reasons to not have religious exemptions."
Should There Be Religious Exemptions To The Law?,con,"13
Freedom of religion and conscience is a fundamental human right which no ruler, representative or monarch, can abrogate."
Should There Be Religious Exemptions To The Law?,con,"3
Exemptions help the state avoid unnecessary confrontations with its citizens."
Should There Be Religious Exemptions To The Law?,con,"2
Religious exemptions arise when the law compels people to do something many do not want to do. The exemptions are an acknowledgement that other forces also compel people's actions creating unresolveable conflict."
Should Routine Childhood Vaccines Be Mandatory?,pro,"If diseases like smallpox and polio were eradicated, doctors could be trained for progressive medicine and new discoveries in medicine rather than having to still learn about old treatments for diseases that could long be gone."
Should Routine Childhood Vaccines Be Mandatory?,pro,"2
Mandating childhood vaccines ensure that parents choices do not compromise child well-being later in life."
Should Routine Childhood Vaccines Be Mandatory?,con,"9
The creation and testing of vaccines conflicts with animal rights."
Should Routine Childhood Vaccines Be Mandatory?,pro,"2
Rendering vaccines mandatory does not necessarily represent a cost-effective way of improving public health in all countries."
Should the Bible be considered a historical document?,con,"7
The Bible should be considered a historical document."
Should the Bible be considered a historical document?,con,"3
The Bible fails to meet the criteria needed for it to be considered a historical source."
Should the Bible be considered a historical document?,con,"8
The Bible contains many contradictions and inconsistencies. These contradictions and inconsistencies make it difficult to rely on the Bible as a historical document."
Should the US Pay Reparations for Slavery?,con,Descendants of slaves continue to be disadvantaged by the legacy of slavery. Those who perpetrated it are still benefitting. Reparations would remedy this harm.
Should the US Pay Reparations for Slavery?,pro,"6
The US government paying reparations would create new domestic and international political problems which could have grave consequences for all Americans."
Should the US Pay Reparations for Slavery?,con,"18
Paying reparations would cause economic harms to all Americans."
Should gender reassignment procedures for minors be allowed?,pro,"7
Gender reassignment procedures for minors should be allowed."
Should gender reassignment procedures for minors be allowed?,pro,"25
Gender-affirming procedures should be provided as early as possible to optimize benefits."
Should gender reassignment procedures for minors be allowed?,con,"19
Minors are not developmentally equipped to consent to major life decisions such as gender-affirming surgery."
Should gender reassignment procedures for minors be allowed?,pro,"16
Minors should be prohibited from permanent gender-affirming procedures; instead, temporary procedures should be preferred."
Should the US Government commit to a Green New Deal?,con,"The Green New Deal would decarbonise the US economy by 2030, which is necessary to address the growing crisis posed by climate change."
Should the US Government commit to a Green New Deal?,con,"11
The Green New Deal would benefit workers struggling in the current economy."
Should the US Government commit to a Green New Deal?,con,"3
The Green New Deal envisions much greater federal involvement in the market economy. However, this is unjustified because the federal government should have minimal involvement in the market."
Should the US Government commit to a Green New Deal?,con,The Green New Deal would hurt the US economy.
Is Egalitarianism a better alternative than Feminism?,pro,"2
Egalitarianism promotes our shared humanity."
Is Pope Francis a good pope?,pro,"10
Pope Francis has been proactive in implementing positive institutional change in the Catholic Church."
Is Porn Beneficial?,con,Porn is beneficial for the individual consuming it.
Is Porn Beneficial?,con,Creating and consuming pornography is unethical and therefore not beneficial.
Should Human Life Be Valued Above Animal Life?,pro,"13
Humans have a moral duty to protect human lives over those of animals."
Should Human Life Be Valued Above Animal Life?,con,"2
Humans make the most valuable contributions to the world and therefore should be valued above animals."
Should Equal Paternity/Maternity Paid Leave Be Mandatory?,pro,"7
In the Western world, declining birth rates threaten increasing economic instability. Mandatory equal paternity/maternity paid-leave should encourage people to reproduce in more stable circumstances."
Should the United Kingdom remain a member of the European Union?,con,Only by remaining in the EU would the UK be capable of contributing to EU reform.
Should the United Kingdom remain a member of the European Union?,con,"21
Leaving the European Union is likely to be economically catastrophic for the UK."
Should the United Kingdom remain a member of the European Union?,con,"20
The EU has centralized power and continues to further do so, which means the UK has less control over its own laws and practices."
Should the United Kingdom remain a member of the European Union?,con,"7
Leaving the EU allows Britain to be able to better control immigration flows."
Should the United Kingdom remain a member of the European Union?,pro,"16
Considering the time, money and energy spent by all sides on the UK's departure, staying in the EU seems inappropriate."
Is moral non-compulsion evidence against naturalistic evolution?,pro,"3
If naturalistic evolution were true, we probably would have developed a physical inability to commit harmful acts rather than a mere intuition that we shouldn't do them."
Is moral non-compulsion evidence against naturalistic evolution?,pro,"4
Naturalistic evolution does not always result in a 'perfect' creature, pointing out an imperfect characteristic of humans does not disprove the theory."
Is moral non-compulsion evidence against naturalistic evolution?,con,The same act is adaptive in some cases and not adaptive in others. Only the conscious mind can discriminate between the two and make a voluntary choice in each case.
Is the Book of Mormon an authentic ancient scripture?,pro,The Text: The text of The Book of Mormon provides enough evidences of ancient origin to prove it is an authentic ancient book of scripture.
Is the Book of Mormon an authentic ancient scripture?,pro,"6
There is a lack of archaeological evidence to support the fantastical claims in the BoM. Thomas Stuart Ferguson a member of the LDS set out to find evidence, but was stymied at every turn. Ferguson wrote ""I must conclude that Joseph Smith had not the remotest skill in things Egyptian-hieroglyphics.""
 Move elsewhere
Should be a pro to ""Archaeology: Archaeological evidence does not support various aspects of the Book of Mormon's narrative"""
Is NATO obsolete?,con,"19
Many NATO non-member states have a strongly positive perception of the organization, implying that it continues to be relevant."
Should education at public universities in the United States be tuition free?,con,"12
Free public education is a good economic public investment."
Should jury trials be abolished?,con,"9
Jury trials are inefficient and inconvenient for both courts and jurors."
Should jury trials be abolished?,pro,"1
Juries increase the legitimacy of the criminal justice system through the inclusion of the public in trial processes."
Should jury trials be abolished?,pro,"12
Juries provide a valuable check and balance on the power of the government."
Should Polygamy Be Legal?,pro,Marriage represents a more solid and protected base for all parties involved. This should not be denied to people who want to be in a relationship with multiple partners.
Should Polygamy Be Legal?,pro,The legalization of polygamy would present legal and procedural challenges for many countries.
Should Genetically Modified Organisms (or GMOs) be promoted as part of a sustainable agricultural economy?,pro,"7
Genetically modified organisms (GMOs) should be promoted as part of a sustainable agricultural economy."
Should Genetically Modified Organisms (or GMOs) be promoted as part of a sustainable agricultural economy?,pro,"GMOs could be specifically formulated in order to address some environmental issues [PETase producing Bacteria, for example.] article by phys.org"
Should Genetically Modified Organisms (or GMOs) be promoted as part of a sustainable agricultural economy?,con,GMOs offer a number of economic benefits over wild-type (WT) organisms.
Should Genetically Modified Organisms (or GMOs) be promoted as part of a sustainable agricultural economy?,con,Consumption of GMOs is associated with a number of health risks.
Should Culturally or Historically Significant Artwork Be Property of the State?,pro,"3
Culturally or historically significant artwork should become the property of the state."
Should Culturally or Historically Significant Artwork Be Property of the State?,pro,"It is unfair to private collectors for their property to be forcibly bought from them, as the decision to sell should remain between the artist and collector."
Is BDSM Abusive?,con,"BDSM practice can be incredibly liberating. If it were abusive, people would not consistently view it as liberatory."
Should the sale of genetically modified food be banned?,con,"2
Many people are against genetically modified food. Where they constitute a significant public opposition, this should be reflected accordingly in the law."
Should the sale of genetically modified food be banned?,pro,"2
A universal ban is not the right approach to addressing any potential problems with genetically modified foods."
Should refugees seeking asylum in Europe be distributed among EU member states according to a quota?,con,"14
A quota system is unenforceable due to the lack of border control between most EU countries. Regardless of the EU country a refugee is given asylum in, they can travel to any other EU country easily."
Should refugees seeking asylum in Europe be distributed among EU member states according to a quota?,pro,"3
Taking in a larger number of refugees would be a security risk for member states that lack the necessary infrastructure to properly vet the refugees."
Should refugees seeking asylum in Europe be distributed among EU member states according to a quota?,con,"A quota scheme commodifies asylum seekers, treating them as a burden to be distributed. This is ethically concerning."
Should we have a single global language?,con,Humans could use the implementation of a global language to construct a better language for everyone.
Should water be taxed?,pro,Taxing water would provide revenue to preserve and improve the quality and safety of water.
Should water be taxed?,con,Placing a tax on water would negatively affect businesses and the economy.
Should politicians be trusted? ,Pro,  All politicians are corrupt and cannot be trusted.
