topic,side,content
Should medical research embrace racial differences in treatment efficacy?,unknown,"2
Medical research should embrace racial differences in treatment efficacy"
Should medical research embrace racial differences in treatment efficacy?,unknown,"8
Assuming that all treatment and medicine prescribed from this research have undergone thorough testing and are supported by evidence, this could lead to greater time efficiencies and reduced costs for the medical world."
Should medical research embrace racial differences in treatment efficacy?,con,"11
Clinical trials rarely enroll sufficient numbers of people of color. If pharmaceutical companies embraced racial differences in treatment efficacy they would be able to collect more data concerning how different racial groups are affected by different types of treatment."
Should medical research embrace racial differences in treatment efficacy?,unknown,"5
Given some diseases are more common among people of particular races, it might make sense to test patients for those diseases based on their race."
Should medical research embrace racial differences in treatment efficacy?,unknown,"Treatment efficacy is affected by a large number of variables, including race."
Should medical research embrace racial differences in treatment efficacy?,unknown,"13
Diseases can present with different symptoms in people of different races."
Should medical research embrace racial differences in treatment efficacy?,pro,"17
'Personalized medicine' is a superior approach to race based medicine, and renders race based approaches moot."
Should medical research embrace racial differences in treatment efficacy?,unknown,"22
It would be dangerous to assume that racial categories map neatly onto medically useful biological categories."
Should medical research embrace racial differences in treatment efficacy?,pro,"23
Searching for innate racial differences between patients can distract doctors and researchers from other, more important differences (like socioeconomic status), which cause far more medical problems than race, and whose overlap with race is largely (medically) coincidental."
Should medical research embrace racial differences in treatment efficacy?,unknown,This will result in the financial exploitation by pharmaceutical companies of racial minorities.
Should medical research embrace racial differences in treatment efficacy?,unknown,"3
If it were widely known that race was used as a factor in medical treatment, it could create distrust between racial minorities and the medical community."
Should medical research embrace racial differences in treatment efficacy?,unknown,"If the medical community takes actions which suggest that races are fundamentally different, this will validate the beliefs of white supremacists and racists."
Is Islam compatible with feminism?,unknown,"11
Islam is compatible with feminism."
Is Islam compatible with feminism?,pro,"8
The teachings of Islam promote gender equality (p. 3)."
Is Islam compatible with feminism?,unknown,"6
There are different schools and interpretations of both feminism and Islam, and many of these are compatible with each other."
Is Islam compatible with feminism?,pro,"25
Islamic religious doctrine promotes anti-LGBTQ+ beliefs, which are incompatible with the feminist goal of the liberation of marginalized people."
Is Islam compatible with feminism?,unknown,"20
The organizational structures of Islam are antithetical to feminism."
Is Islam compatible with feminism?,pro,"14
Islamic marriage practices and family dynamics reinforce inequality against women.
 Unsupported
This claim is heavily unbalanced in favor of pros. It would be good to add at least another con and develop that side further."
Should Turkey acknowledge the Armenian genocide?,unknown,Turkey should acknowledge the Armenian genocide.
Should Turkey acknowledge the Armenian genocide?,con,Acknowledging the Armenian genocide would have numerous economic benefits for Turkey and the surrounding region.
Should Turkey acknowledge the Armenian genocide?,unknown,Acknowledging the genocide is the first step towards alleviating the damage done to the Armenian community.
Should Turkey acknowledge the Armenian genocide?,pro,Acknowledging the genocide would improve Turkey's international standing.
Should Turkey acknowledge the Armenian genocide?,unknown,"3
It does not fulfil the globally accepted legal criteria for a genocide."
Should Turkey acknowledge the Armenian genocide?,unknown,"2
Acknowledging the genocide would disrupt the stability of Turkey's domestic politics."
Should men be allowed to vote on abortion legislation?,unknown,"12
Men should be allowed to vote on abortion legislation."
Should men be allowed to vote on abortion legislation?,pro,"15
Excluding anyone from the voting process undermines the principle of democratic equality."
Should men be allowed to vote on abortion legislation?,unknown,"18
Abortion impacts society at large, including men; therefore, they should have a voice in shaping abortion policies."
Should men be allowed to vote on abortion legislation?,unknown,"14
Only those with the capacity to have children should be able to cast votes about their own bodies, as they have to live with the outcome."
Should men be allowed to vote on abortion legislation?,unknown,"14
Men can express their opinions by means other than voting."
Should men be allowed to vote on abortion legislation?,pro,"1
In most countries, people can't or usually can't vote on any specific legislation and instead can only participate in electoral processes. The question whether men should be allowed to vote on abortion legislation therefore is essentially mute."
Is Jesus the Messiah?,pro,"7
Jesus is the promised Messiah of the ancient Hebrew religion."
Is Jesus the Messiah?,pro,"13
Jesus fulfilled all prophecies concerning the Jewish Messiah."
Is Jesus the Messiah?,unknown,"1
Christianity claims Jesus was the Israelite Messiah according to the New Testament. Information about Jesus, his life, claims and mission are found therein."
Is Jesus the Messiah?,unknown,"1
Islam claims Jesus was the Israelite Messiah. Information about Jesus' life, claims and mission are found in the Holy Qur'an."
Is Jesus the Messiah?,pro,"2
Jesus' impact on the world demonstrates that he is the promised Messiah of the ancient Hebrew religion."
Is Jesus the Messiah?,pro,"5
The Book of Mormon also claims that Jesus is the Promised Messiah."
Is Jesus the Messiah?,unknown,The disciples of Jesus testify to his Messianic claim.
Is Jesus the Messiah?,unknown,"4
See https://what-it-s-all-about.life/1868-2/
 Not a claim
Revert to lukanakai's marking."
Is Jesus the Messiah?,pro,"11
Credible modern eyewitnesses have claimed visitations from Jesus, the son of Mary, in a modern era that if true, proves that Jesus is the promised Messiah spoken of in the Old Testament."
Is Jesus the Messiah?,unknown,"20
Whether or not Jesus is the Messiah varies depending on religious and spiritual beliefs. Therefore, there is more than one right answer to it."
Is Jesus the Messiah?,unknown,"8
There is no mention of Jesus outside of religious texts."
Is Jesus the Messiah?,pro,"6
Jesus is proposed to be a demigod and therefore not the messiah of the ancient Hebrew religion."
Is Jesus the Messiah?,unknown,"2
Subscribers to Hebrew religion don't believe that Jesus was their Messiah for many reasons."
Is Jesus the Messiah?,unknown,Some understandings of Jesus as Messiah are illogical.
Is Jesus the Messiah?,unknown,"6
Jesus was a Buddhist monk making it unlikely he was a Messiah for another religion."
Is Jesus the Messiah?,unknown,"9
The name 'Christ' is not synonymous with a singular messiah."
Should Laptops be Allowed in University Classrooms?,unknown,"8
Laptops should be allowed in the classroom."
Should Laptops be Allowed in University Classrooms?,pro,Laptops improve the learning process.
Should Laptops be Allowed in University Classrooms?,unknown,Laptops in the classroom can make education more accessible.
Should Laptops be Allowed in University Classrooms?,unknown,"1
Laptops can be a distraction."
Should Laptops be Allowed in University Classrooms?,unknown,Laptops are expensive.
Should We Increase the Number of Votes For People Who Pay More Taxes?,unknown,"1
Citizens who pay higher taxes should have more votes in elections."
Should We Increase the Number of Votes For People Who Pay More Taxes?,pro,Wealthy people are less likely to evade and avoid taxes if they have more votes in proportion to their taxed income or wealth.
Should We Increase the Number of Votes For People Who Pay More Taxes?,unknown,"1
Wealthy people deserve greater decision-making power over who runs the government."
Should We Increase the Number of Votes For People Who Pay More Taxes?,unknown,"1
Distributing votes on the basis of income would be undemocratic."
Should We Increase the Number of Votes For People Who Pay More Taxes?,con,Giving more political power to those who pay higher taxes would entrench the socioeconomic class divide in society.
Should failing banks receive bailouts from the government?,unknown,"2
Failing banks should receive bailouts from the government."
Should failing banks receive bailouts from the government?,unknown,Failing banks have the potential to negatively affect the stability of financial markets worldwide.
Should failing banks receive bailouts from the government?,con,Failing banks represent a large threat to the security of the economy and must be rescued for everyone's benefit.
Should failing banks receive bailouts from the government?,unknown,"Bailing out banks establishes a bad precedent, which is likely to lead to riskier investments by banks in the future."
Should failing banks receive bailouts from the government?,unknown,It is not the responsibility of the state to bail out private companies.
Should Teachers Be Allowed To Wear Religious Symbols At School?,unknown,"3
Teachers should not be allowed to wear religious symbols at school."
Should Teachers Be Allowed To Wear Religious Symbols At School?,unknown,"10
Public school classrooms are mandated, sanctioned, and funded by the state. Teachers do not have the right to violate this sanctity with their religious symbols."
Should Teachers Be Allowed To Wear Religious Symbols At School?,unknown,"4
Children need to have a neutral safe space to learn without the religious symbols worn by their teacher influencing their impressionable minds."
Should Teachers Be Allowed To Wear Religious Symbols At School?,con,"Since all states are secular, even in countries where the majority of the population is Christian, like in my country where schools were forced to remove Christian symbols, so all symbols should not be tolerated either. But this concern seems to only exist in the EU, because in non-Christian countries this issue does not even arise, it is their culture and it should be respected as it should be in the EU. But"
Should Teachers Be Allowed To Wear Religious Symbols At School?,con,"8
Banning religious symbols in the classroom discriminates against religions whose symbols are not simply adornments but constitute religious practice."
Should Teachers Be Allowed To Wear Religious Symbols At School?,pro,"10
Teachers wearing religious symbols in the classroom is protected under freedom of expression."
Should Teachers Be Allowed To Wear Religious Symbols At School?,unknown,It is insulting to both the children's intelligence and other religions to believe we should hide the fact religion exists in case children like the ideas too much
Should Teachers Be Allowed To Wear Religious Symbols At School?,pro,A child who is embarrassed or scared to ask about religious symbols which may be the result of such a ban would simply avert their attention to secret online googles which doesn't protect the child's thinking like the ban claims to.
Should Teachers Be Allowed To Wear Religious Symbols At School?,unknown,Banning religious expression and trying to hide the existence of minority beliefs would be the same thing extremist religious types did to suppress the life-saving discoveries made by science and so would go against the point of secularisation.
Should Teachers Be Allowed To Wear Religious Symbols At School?,unknown,Banning religious symbols will give the impression that religion is inherently evil or should be kept hidden which isn't the full picture and therefore not a fair education.
Should Teachers Be Allowed To Wear Religious Symbols At School?,unknown,An impressionable child would tend to learn to treat others the same way you treat them and the encouragement to hide your beliefs is not a good role model for themselves or others
Should Teachers Be Allowed To Wear Religious Symbols At School?,unknown,the premise of religious freedom in the United States pertains to the allowance of individual expression of one's religion. banning religious symbols in schools violates teachers first amendment right
Should Private Cars Be Forbidden In Large Cities?,unknown,"2
Private cars should be forbidden in large cities."
Should Private Cars Be Forbidden In Large Cities?,unknown,"4
Cars make cities less habitable."
Should Private Cars Be Forbidden In Large Cities?,con,"11
Cars contribute to degradation of the natural environment."
Should Private Cars Be Forbidden In Large Cities?,unknown,"5
Cities without private cars would be safer, as cars injure, disable, and kill an inordinate number of people each year."
Should Private Cars Be Forbidden In Large Cities?,unknown,Many public transportation systems are currently inadequate.
Should Private Cars Be Forbidden In Large Cities?,con,"4
Banning private cars will have negative economic effects."
Should Private Cars Be Forbidden In Large Cities?,unknown,Banning cars in cities is unpopular.
Should the US adopt stricter gun control legislation?,con,"76
The US should adopt stricter gun control legislation."
Should the US adopt stricter gun control legislation?,con,"44
Stricter gun control legislation may reduce instances of gun-related injury, accidental death, murder, and suicide."
Should the US adopt stricter gun control legislation?,con,"20
Gun control measures are an effective way to limit the incidence and impact of mass shootings."
Should the US adopt stricter gun control legislation?,con,"21
Before enacting new, more effective gun control laws, the failures of current laws and regulations regarding firearms must be addressed."
Should the US adopt stricter gun control legislation?,con,"10
Gun control policies infringe on a number of rights that the US government was explicitly founded upon and has an obligation to uphold."
Should the US adopt stricter gun control legislation?,unknown,"14
Open access to guns is a cultural characteristic of the US and thus should be preserved."
Is Esports a sport?,unknown,"6
Esports is a sport."
Is Esports a sport?,unknown,Esports players and traditional atheletes share key characteristics and traits.
Is Esports a sport?,unknown,"Esports have developed legitimate funding and organizational structures, much like traditional sports."
Is Esports a sport?,pro,"7
Esports are solely products of corporations, whereas activities qualifying as sports exist outside corporate production."
Is Esports a sport?,unknown,"1
Officially classifying esports alongside regular sports would encourage unhealthy habits."
Is Esports a sport?,unknown,"3
Esports require no physical effort."
Is chivalry sexist?,unknown,"37
Chivalry is sexist."
Is chivalry sexist?,unknown,"4
Chivalrous behavior is predicated on the notion of women being incapable of thriving without the help of men."
Is chivalry sexist?,unknown,"Chivalry places men in a position of power and advantage, real or perceived, over women."
Is chivalry sexist?,unknown,"Chivalry is rooted in traditions and social norms, which are not inherently sexist."
Is chivalry sexist?,pro,"8
The fact that many women appreciate chivalry proves it is not sexist."
Is there an afterlife?,unknown,"11
There is an afterlife."
Is there an afterlife?,con,"If [in the future] humans or [in the past or present] extraterrestrials, can digitize minds (or ""mind cloning""), it is feasible their minds continue in some form after conventional death, albeit death of the person arguably would still occur if the transition is not of a gradual form."
Is there an afterlife?,unknown,"6
You will only truly die if you are forgotten. Being remembered after one's death can be seen as an afterlife."
Is there an afterlife?,con,"1
If our world is a simulation, it is feasible that a form of life continues after life in this simulation – such as porting a person's state of mind into a new world or a reenactment of one's life in another world and so on."
Is there an afterlife?,unknown,"26
Almost all major faiths offer complex and sophisticated arguments about why life exists after death."
Is there an afterlife?,con,"9
Partial destruction of the brain results in memory loss, cognitive impairment, loss of intelligence, loss of sense of self, or even vegetative states. Thus it is reasonable to infer that complete destruction of the brain would result in loss of all cognitive functions, capacities, faculties and abilities. This would preclude any possibility of any conscious life after death."
Is there an afterlife?,unknown,"27
There is no empirical evidence that life exists after death."
Is there an afterlife?,pro,"11
Evolution has been proven beyond doubt, which disproves the possibility of an afterlife. Specifically, humans evolved over time, so it is unclear why they would, at some point, suddenly have souls."
Is there an afterlife?,unknown,"7
Souls are not real, therefore there cannot be an afterlife."
Should women-only spaces be open to anyone identifying as a woman?,unknown,"31
Women-only spaces should be open to anyone identifying as a woman."
Should women-only spaces be open to anyone identifying as a woman?,unknown,"25
Women-only spaces should strive to be as inclusive as possible to ensure that everyone is treated equally."
Should women-only spaces be open to anyone identifying as a woman?,pro,"33
Allowing anyone who identifies as a woman into women-only spaces would benefit both cis and trans women by improving their ability to work towards change in these spaces."
Should women-only spaces be open to anyone identifying as a woman?,unknown,"23
The inclusion of anyone who identifies as a woman into women-only spaces will make them less safe."
Should women-only spaces be open to anyone identifying as a woman?,unknown,"25
Trans women and cis women have more differences than commonalities. Therefore, they should not share the same spaces."
Should fascist and nazi movements be banned?,unknown,Fascist and nazi movements and organizations should be banned
Should fascist and nazi movements be banned?,unknown,"Yes, because the fact that they're anti-democratic and are a threat to democracy outweighs freedom for free speech. We shouldn't allow free speech of trying to get rid of free speech, it bites its own tail."
Should fascist and nazi movements be banned?,unknown,"1
Fascist and Neo-nazi groups are a threat to democracy."
Should fascist and nazi movements be banned?,unknown,"1
Fascism and nazism are inherently violent ideologies"
Should fascist and nazi movements be banned?,unknown,These ideologies seek to abolish a tolerant society
Should fascist and nazi movements be banned?,unknown,"Fascist movements tend to be the result of cultural unrest. The issues should be identified and solved in order to avoid these movements, instead of banning them."
Should fascist and nazi movements be banned?,unknown,"Banning an ideology only forces its adherents underground, making them even more dangerous."
Should fascist and nazi movements be banned?,unknown,Our society values freedom of speech
Should single-sex schools be banned?,unknown,"9
Single-sex schools should be banned."
Should single-sex schools be banned?,unknown,"5
Single-sex schools reaffirm the gender and sex binary."
Should single-sex schools be banned?,unknown,Single-sex schools are unethical.
Should single-sex schools be banned?,unknown,"1
Single-sex schools ruin a persons perspective of the other gender."
Should single-sex schools be banned?,unknown,"11
Single-sex schools have good learning outcomes."
Should single-sex schools be banned?,unknown,"2
Single-sex schools are safer than mixed-sex schools."
Should there be One World State?,unknown,"8
All nations should come together to form one world state."
Should there be One World State?,con,"1
The formation of a one world state would lead to immense economic and material benefits."
Should there be One World State?,con,"3
The formation of a one world state would lead to an immediate reduction of conflict and violence."
Should there be One World State?,pro,"6
The formation of a one world state would solve collective action problems more effectively."
Should there be One World State?,unknown,"15
Given historical and present global inequalities, there is a strong moral imperative to create a one world state."
Should there be One World State?,unknown,"5
Forming a one world state is impractical."
Should there be One World State?,unknown,"8
The possible failure of a one world state would have grave effects on people all over the world."
Should there be One World State?,unknown,"12
A one world state would lead to a world without borders, which would be harmful."
Should a license be required in order to have a child (procreate)?,pro,"2
A license should be required in order to have a child (procreate)."
Should a license be required in order to have a child (procreate)?,unknown,"3
A parenting license system will lead to better childcare and parenting."
Should a license be required in order to have a child (procreate)?,pro,"6
Governments are obligated to improve and maintain citizens' quality of life. Introducing parenting licenses would help facilitate this."
Should a license be required in order to have a child (procreate)?,unknown,"22
The practicalities of implementing such a policy would make it incredibly difficult, if not impossible, to implement in most countries."
Should a license be required in order to have a child (procreate)?,unknown,"18
Parenting licenses violate parents' rights."
Should a license be required in order to have a child (procreate)?,unknown,"14
Parenting licenses will bring undue harm to people."
Should schools require students to learn a second language?,con,"5
Schools should require students to learn a second language."
Should schools require students to learn a second language?,con,"4
Learning a second language helps prepare students to live in a globalized world."
Should schools require students to learn a second language?,con,Learning a second language has long-term benefits for the brain.
Should schools require students to learn a second language?,pro,"Learning a second language at school is ineffective to achieve functional proficiency, let alone fluency."
Should schools require students to learn a second language?,con,Teaching a second language would be an unnecessary drain on school resources.
Should There Be Trigger Warnings in Education?,unknown,"6
Trigger warnings should be required in an educational setting."
Should There Be Trigger Warnings in Education?,pro,The inclusion of trigger warnings promotes the important value of transparency.
Should There Be Trigger Warnings in Education?,pro,The inclusion of trigger warnings protects students from unnecessary harms.
Should There Be Trigger Warnings in Education?,unknown,Most students and educators want and support trigger warnings in their classrooms. This is reason enough to implement them.
Should There Be Trigger Warnings in Education?,pro,Trigger warnings allow people to ignore opinions they don't like.  This is counterproductive to civil discourse.
Should There Be Trigger Warnings in Education?,unknown,Trigger warnings are overly paternalistic.
Should There Be Trigger Warnings in Education?,unknown,"3
Trigger warnings violate norms of academic freedom."
Should People Only be Allowed to Vote if they Pass a Certain Test?,unknown,"1
People should only be allowed to vote if they pass a test."
Should People Only be Allowed to Vote if they Pass a Certain Test?,unknown,"5
This would create a more engaged, politically aware, and cohesive society."
Should People Only be Allowed to Vote if they Pass a Certain Test?,unknown,"1
Enforcing a test to determine who can vote will ensure that the people allowed to vote can be trusted to make informed decisions."
Should People Only be Allowed to Vote if they Pass a Certain Test?,unknown,This would ensure that the best possible leaders are elected.
Should People Only be Allowed to Vote if they Pass a Certain Test?,unknown,"4
If a test were implemented, any minimum age could be eliminated."
Should People Only be Allowed to Vote if they Pass a Certain Test?,unknown,This policy will disenfranchise voters.
Should People Only be Allowed to Vote if they Pass a Certain Test?,unknown,"2
The implementation of a neutral test would be logistically difficult."
Should People Only be Allowed to Vote if they Pass a Certain Test?,unknown,This policy threatens the principles and ideals enshrined in democracy.
Should Bullfighting be Banned?,unknown,"15
Traditional bullfighting - the practice of fighting with bulls that includes physically injuring them - should be banned."
Should Bullfighting be Banned?,con,"14
Bullfighting functionally amounts to violence and cruelty for the purposes of entertainment, and is consequently immoral."
Should Bullfighting be Banned?,unknown,"13
Bullfighting is overly dangerous for participants and spectators."
Should Bullfighting be Banned?,unknown,"36
Bullfighting is part of the history, culture, and identity of many countries, and therefore is worth preserving."
Should Bullfighting be Banned?,con,"16
Bullfighting can benefit national economies."
Is killing vampires immoral?,unknown,"1
Killing vampires is immoral."
Is killing vampires immoral?,unknown,"Vampires are sentient and intelligent, which makes harming them immoral."
Is killing vampires immoral?,unknown,"Vampires have human origins and features, which entitles them to human rights."
Is killing vampires immoral?,unknown,"Vampires could be of immense value to humanity, and hence killing them off would be immoral."
Is killing vampires immoral?,unknown,"1
Killing vampires can be moral in that it could prevent more human deaths."
Is killing vampires immoral?,unknown,"Vampires are inherently evil, and therefore killing them is the right thing to do."
Is killing vampires immoral?,con,"As vampires are already dead, 'killing' them makes no consequential, and therefore moral, difference."
Should genealogy databases be available to law enforcement to solve crimes?,unknown,"10
Genealogy databases like AncesteryDNA and 23andMe should be available to law enforcement to solve crimes."
Should genealogy databases be available to law enforcement to solve crimes?,unknown,People voluntarily submit their DNA for genealogy testing thus giving up the rights to how it is used.
Should genealogy databases be available to law enforcement to solve crimes?,unknown,Genealogy databases would help solve crimes.
Should genealogy databases be available to law enforcement to solve crimes?,unknown,"2
If one has done nothing wrong, then there is nothing to worry about."
Should genealogy databases be available to law enforcement to solve crimes?,unknown,"3
Using these databases could prevent the harm of other people."
Should genealogy databases be available to law enforcement to solve crimes?,unknown,"The handling of an individual’s DNA must comply with the purpose of the test, otherwise there will be mistrust in the application (and potentially wider mistrust), and people will refrain from using it."
Should genealogy databases be available to law enforcement to solve crimes?,pro,"3
DNA handling by for-profit genealogy companies is subject to error, tampering and misinterpretation."
Should genealogy databases be available to law enforcement to solve crimes?,unknown,"4
The state could abuse its power if given access to this data."
Should genealogy databases be available to law enforcement to solve crimes?,unknown,Genealogy may still be too immature for such a serious matter. 23andMe and various other companies update their clients with new results as their detection methods reach technological milestones.
Should genealogy databases be available to law enforcement to solve crimes?,pro,"1
The Fourth Amendment protects US citizens from unreasonable search and seizure - using DNA is just this."
Should All Transgender Athletes Have to Compete in Men's Divisions?,unknown,"2
All transgender athletes should have to compete in men's divisions."
Should All Transgender Athletes Have to Compete in Men's Divisions?,unknown,Transgender athletes have characteristics that give them advantages over biological women.
Should All Transgender Athletes Have to Compete in Men's Divisions?,unknown,"2
Having transgender athletes compete against men is the best way to preserve sports for biological women."
Should All Transgender Athletes Have to Compete in Men's Divisions?,unknown,Transgender athletes should have their own division.
Should All Transgender Athletes Have to Compete in Men's Divisions?,unknown,"3
Athletics should be separated by weight class or ability, not gender or sex, since this is a greater determining factor when it comes to athletic competitiveness."
Should All Transgender Athletes Have to Compete in Men's Divisions?,unknown,Transgender individuals should not be discriminated against by being forced to compete with the gender to which they don't identify.
Should All Transgender Athletes Have to Compete in Men's Divisions?,unknown,"2
By the same token, you could say that any athlete should be discriminated based on age or weight if they identify with a different age/weight. This leads to a absurdum. Because, self-identification is an absurd.
 Duplicate claim"
"Is Taylor Swift's video ""The Man"" a proper representation of men in today's society?",unknown,"5
Taylor Swift's depiction of men in the music video 'The Man' is an accurate representation of men in modern societies."
"Is Taylor Swift's video ""The Man"" a proper representation of men in today's society?",pro,The video depicts many forms of problematic male behavior that actually exist.
"Is Taylor Swift's video ""The Man"" a proper representation of men in today's society?",unknown,"3
'The Man' alludes to the double standards between men and women today."
"Is Taylor Swift's video ""The Man"" a proper representation of men in today's society?",unknown,"3
Most men don't behave like the men in the video."
"Is Taylor Swift's video ""The Man"" a proper representation of men in today's society?",pro,"3
The suggested problematic behaviors in the video are not specific to men but are also pertaining to women."
"Is Taylor Swift's video ""The Man"" a proper representation of men in today's society?",unknown,"1
'The Man' is only an accurate representation of toxic masculinity, not the male gender as a whole."
Is Donation Charity or a Moral Obligation?,unknown,People From Affluent Countries Have a Moral Obligation in Helping the Needy.
Is Donation Charity or a Moral Obligation?,pro,The excessive accumulation of wealth in a world with many people in precarious conditions is morally problematic.
Is Donation Charity or a Moral Obligation?,con,Wealthy individuals have a shared responsibility due to the power and influence their wealth confers in society.
Is Donation Charity or a Moral Obligation?,unknown,"1
They have but they also have the permission to not do it. The rich, the real rich have not to do that if they don't want. For religious and universe reason."
Is Donation Charity or a Moral Obligation?,unknown,People from affluent countries have the means to help people in need without sacrificing their means of survival.
Is Donation Charity or a Moral Obligation?,unknown,"Helping the needy often doesn't accomplish much or only short term results that are not durable. It often can also have larger negative impacts such as the needy growing up to be dependent on the help or more violence or environmental destruction than otherwise. So instead of helping the needy, it's often much better to address the causes of them being needy and similar causes."
Is Donation Charity or a Moral Obligation?,pro,"Imprudent tries to help with donations can cause greater problems than they solve. It can be difficult to spend the money for ends or in channels that are indeed efficacious in being a net positive, especially if the selection, judgement, and so on is done by one or few people or based largely on personal opinion. More systematic approaches that also move away from the appeal to morality approach would be better."
Is Donation Charity or a Moral Obligation?,unknown,"Wealthy individuals have the right to use their wealth as they wish, including the freedom to choose whether and how to help the needy."
Is Donation Charity or a Moral Obligation?,con,"Until there is effective population control, relieving famine merely postpones starvation."
Is Donation Charity or a Moral Obligation?,unknown,"1
Wealthy people already pay taxes to the government, fulfilling their moral responsibility, and should not be required to pay more."
Is Donation Charity or a Moral Obligation?,unknown,I'd rather add job opportunity.
Is Donation Charity or a Moral Obligation?,unknown,Why should one be morally obliged to give out… doesn’t that notion simply erase the act of charity?
Is Donation Charity or a Moral Obligation?,unknown,"I prefer moral duty over moral obligation for charity. Obligation implies enforceability, while duty rests on a moral character. Charity should stem from voluntary compassion, not coercion. Due to a shortfall in resources, we must define who is ""in need"" and who is not. As things stand, the state primarily serves its citizens. Not giving isn't inherently immoral if civic duties are fulfilled."
Is Donation Charity or a Moral Obligation?,unknown,"1
wealty people earned the money they should be ablo to do what they wish with it"
Is Donation Charity or a Moral Obligation?,unknown,"Overseas aid should be a government responsibility, and that therefore one ought not to give to privately run charities"
Is Donation Charity or a Moral Obligation?,unknown,It is too drastic a revision of our moral scheme
Should the EU introduce a carbon tax?,unknown,"11
The EU should introduce a carbon tax."
Should the EU introduce a carbon tax?,pro,"1
Carbon emissions are negative externalities. Taxing negative externalities for welfare optimisation provide a welfare gain to society even before revenues are spent with the only requirement being that the implementation costs are lower than the revenues."
Should the EU introduce a carbon tax?,con,"19
Carbon emissions are the biggest contributors to climate change and their reduction should be prioritised the most in the fight against climate change."
Should the EU introduce a carbon tax?,unknown,"9
A carbon tax can raise revenue that can be used for other climate change mitigation efforts."
Should the EU introduce a carbon tax?,unknown,"4
The EU has a moral obligation to reduce carbon emissions in order to mitigate climate change."
Should the EU introduce a carbon tax?,unknown,An EU carbon tax is an unfair way to attempt to mitigate climate change.
Should the EU introduce a carbon tax?,unknown,"2
Introducing a carbon tax will not lead to a significant reduction of carbon emissions."
Should the EU introduce a carbon tax?,unknown,The EU's current climate change policies are sufficiently reducing the EU's carbon emissions.
Should the EU introduce a carbon tax?,unknown,"7
A carbon tax would make European goods and services less competitive in international markets."
Should short-term apartment leasing services such as Airbnb be prohibited in New York City?,pro,"7
Short term apartment leasing services such as Airbnb should be prohibited in New York City."
Should short-term apartment leasing services such as Airbnb be prohibited in New York City?,con,"38
A free market does not always shift towards the best choice for consumers or the economy, which is the case for AirBnB. As such, the government has a right and a responsibility to regulate it."
Should short-term apartment leasing services such as Airbnb be prohibited in New York City?,unknown,"13
Airbnb has increased the price of rent in NYC and in doing so aggravated the existing shortage of affordable housing."
Should short-term apartment leasing services such as Airbnb be prohibited in New York City?,unknown,"10
Airbnb is unsafe and puts people at risk of damage and harm."
Should short-term apartment leasing services such as Airbnb be prohibited in New York City?,pro,"10
Individuals are entitled to use their private property for whatever purpose they want. Airbnb is merely facilitating fulfilment of this right."
Should short-term apartment leasing services such as Airbnb be prohibited in New York City?,con,Airbnb contributes greatly to economic activity in New York City.
Should short-term apartment leasing services such as Airbnb be prohibited in New York City?,unknown,"30
Airbnb can offer a superior service as compared to traditional hotels and other accommodation services."
Should school uniforms be banned?,unknown,"3
School uniforms should be banned."
Should school uniforms be banned?,unknown,"4
School uniforms are expensive."
Should school uniforms be banned?,unknown,"5
School uniforms are unfair for students."
Should school uniforms be banned?,unknown,"12
School uniforms are often uncomfortable."
Should school uniforms be banned?,unknown,"2
The decision to have school uniforms should be chosen by the school itself."
Should school uniforms be banned?,unknown,"23
Uniforms play a very important role in maintaining school discipline, a vital skill for students to learn."
Should school uniforms be banned?,unknown,"8
School uniforms are aesthetically pleasing.
 Unclear
not certain how aesthetics maps on to banning/ not banning - could be clarified as to why this is important?"
Should humanity establish colonies on Mars?,unknown,"2
Humanity should colonize Mars."
Should humanity establish colonies on Mars?,unknown,"1
Mars colonization would benefit humanity."
Should humanity establish colonies on Mars?,unknown,Colonizing Mars is in line with the human spirit of exploration.
Should humanity establish colonies on Mars?,pro,Colonizing Mars provides an opportunity to innovate in radical ways.
Should humanity establish colonies on Mars?,unknown,Mars colonization is not feasible at the current level of human development and technology.
Should humanity establish colonies on Mars?,unknown,"10
Other celestial bodies are better destinations than Mars."
Should humanity establish colonies on Mars?,unknown,"28
Mars is not suitable for habitation."
Should humanity establish colonies on Mars?,con,"4
Humanity creates devastation wherever they go; this should not continue on Mars."
Should humanity establish colonies on Mars?,unknown,"7
Colonizing Mars would be too risky to be worth it."
Is science political?,unknown,"33
Science is political."
Is science political?,pro,"7
Science values facts and sound reasoning. If there are politics that revile those approaches, science is inherently opposed to them. Since such politics do exist, science is opposed to those politics."
Is science political?,unknown,"5
Human involvement makes science political."
Is science political?,pro,Some scientific discoveries and research programs have not only been influenced by political thought and political events but also found their raison d'être in politics.
Is science political?,con,"13
Academic and industrial contexts expose scientific research to political influences."
Is science political?,unknown,"6
Some scientific paradigms are political."
Is science political?,unknown,"10
Science is based on a model of reality - a belief system or theology - that is based on rationalism or reason. Therefore, science is political because, in the first instance, it is a theology."
Is science political?,con,"8
If we understand ""politics"" in a broader sense than direct political control, then all human activities have politics. But the scientific method by which we test concepts against reality is not politically biased."
Is science political?,con,"1
Unlike politics, the aim of science is neither influence nor control."
Is science political?,unknown,"Science has been defined as the pursuit of truth, even though it can be used to achieve political benefits."
Is science political?,unknown,"13
The topics which science studies often have political overlap or ramifications, e.g. neuroscience, behavioral science, and the justice system. The overlap causes science to be perceived as political."
Is science political?,con,"1
Descriptions of the scientific method avoid political language, and any analysis of its usage in a political context exceeds the scope of the thesis."
Is Feminism a Force For Good?,unknown,"12
Feminism is a force for good in the world."
Is Feminism a Force For Good?,unknown,"10
Feminism helps to challenge and dismantle sexist stereotypes, which helps reduce epistemic injustices and further equality (p. 1)."
Is Feminism a Force For Good?,unknown,"12
Feminism aims to correct the systemic biases against women and other minorities that are born into historical discrimination."
Is Feminism a Force For Good?,unknown,"4
Feminist spaces are open and accepting places for political discussion."
Is Feminism a Force For Good?,pro,"13
Feminism's propensity to point out sexism where it does not exist eclipses other sociocultural issues."
Is Feminism a Force For Good?,unknown,"11
Feminist methods of striving for equality are detrimental to men."
Is the UK NHS (National Health Service) sustainable?,unknown,"3
The UK NHS (National Health Service) is not sustainable."
Is the UK NHS (National Health Service) sustainable?,unknown,The financial model of the NHS is inherently unsustainable.
Is the UK NHS (National Health Service) sustainable?,unknown,"The NHS, by design, is unequipped to manage the prevalent population and health trends in the UK."
Is the UK NHS (National Health Service) sustainable?,unknown,The NHS can ensure its sustainability by using the resources and funding it recieves with greater efficiency.
Is the UK NHS (National Health Service) sustainable?,unknown,"The NHS has demonstrated an ability to restructure its operational model to ensure sustanability when facing political, social, or financial pressures."
Should Hate Speech Be Legally Protected?,pro,"34
Hate speech should be legally protected."
Should Hate Speech Be Legally Protected?,pro,"19
Protecting hate speech is necessary to ensure the democratic rights of all individuals."
Should Hate Speech Be Legally Protected?,unknown,"5
Free speech is a core human right. As such, it should remain as free as possible, even if that means allowing some harms to exist."
Should Hate Speech Be Legally Protected?,unknown,"20
Persistent hate speech can dehumanize and marginalize certain groups of people across societies."
Should Hate Speech Be Legally Protected?,unknown,"7
Hate speech directly causes violence and harms its victims."
Is the principle of pet ownership vegan?,unknown,"4
The principle of pet ownership is vegan."
Is the principle of pet ownership vegan?,unknown,We have a responsibility to care for the effects of domestication of animals until they're able to go back to the wild.
Is the principle of pet ownership vegan?,unknown,"If animals are rescued from situations where they wouldn't exist if they are not a pet, then it's less vegan to not rescue them."
Is the principle of pet ownership vegan?,con,"If they're considered family, then they aren't thought of as pets."
Is the principle of pet ownership vegan?,unknown,"Owning a pet is caring for them. So if one cares for an animal, it's not exploitation, but rather the other way around!"
Is the principle of pet ownership vegan?,unknown,"1
The human/pet relationship is symbiotic. We need them as much as they need us."
Is the principle of pet ownership vegan?,unknown,"If an animal wants to be a companion/pet and is free to leave whenever it wants to, then it's vegan."
Is the principle of pet ownership vegan?,unknown,Keeping pets forms a mild system of inter-species oppression (speciesism).
Is the principle of pet ownership vegan?,unknown,"1
Pet ownership can never be vegan as the very animals that we are trying to save will never attain the freedom with which they are entitled to live with."
Is the principle of pet ownership vegan?,con,"1
Keeping pets contributes to the financial incentive for pet trading and breeding, which is exploitative and cruel to animals, as many animals being put down who do not find homes."
Is Morality Objective?,unknown,"85
Morality is objective."
Is Morality Objective?,unknown,"If moral value isn't objective, then epistemic value isn't objective either. For instance, if there are no objectively good actions, then there are no objectively good arguments and evidences."
Is Morality Objective?,unknown,"21
Certain moral truths are inherent to human nature and transcend cultures and time."
Is Morality Objective?,unknown,"34
Morality is derived from our natural state according to natural law theory."
Is Morality Objective?,unknown,"6
Morality is objective because moral values can be distilled through reason, and reason is objective."
Is Morality Objective?,unknown,"34
All major ethical systems indicate that morality is objective."
Is Morality Objective?,unknown,"25
If there exists a divine being, then objective morality exists."
Is Morality Objective?,con,"Ethics, the study of morality and right and wrong, utilizes predictive and logical operations to determine a conclusion."
Is Morality Objective?,unknown,"5
Morality operates in such ways that we ought to do that which is right and ought not do that which is wrong. In order for it to function there must be an objective truth about what's right and what's wrong. With the existence of objective truth there has to be an objective law which is morality. If objective truth doesn't exist then evaluation of what is right or wrong becomes the perspective of a man, who can reshape it, twist his subjective truth, thus giving up the essence of morality."
Is Morality Objective?,unknown,"26
Intersubjective theories of morality adequately explain morality."
Is Morality Objective?,unknown,"27
Since morality has to do with value judgments, and value judgments are necessarily subjective, then morality is necessarily subjective."
Is Morality Objective?,unknown,"44
Morality does not operate in terms of true and false, hence it cannot be objective since objectivity relies on these categories."
Is Morality Objective?,unknown,"16
The frequent presence of deep and intractable disagreement about morality indicates that no objective moral truths exist."
Is Morality Objective?,unknown,"10
Arguments about morality being objective have inevitable logical flaws."
Is Morality Objective?,unknown,"77
Moral subjectivism makes fewer ontological assumptions than moral objectivism. Occam's razor thus dictates that the former is preferable."
Is Morality Objective?,con,"Morality is not some concrete binary system of evil and good. What we call „morality“ is a human constructed framework that pulls from culture, psychology, and local context, not some system embedded into the universe itself."
Is Cannibalism Ethically Permissible?,unknown,"9
Human cannibalism is ethically permissible."
Is Cannibalism Ethically Permissible?,unknown,"18
There may be exceptional situations where cannibalism becomes necessary and thus justifiable."
Is Cannibalism Ethically Permissible?,unknown,"4
Cannibalism's longstanding presence in human culture suggests ethical permissibility."
Is Cannibalism Ethically Permissible?,unknown,"6
Cannibalism devalues human beings."
Is Cannibalism Ethically Permissible?,con,"3
The consumption of human meat is unhealthy."
Should governments provide a universal basic income?,pro,"6
Governments should provide a universal basic income (UBI)."
Should governments provide a universal basic income?,pro,A UBI is a more efficient and effective form of welfare than current government programs.
Should governments provide a universal basic income?,pro,Providing a UBI recognises and supports those who contribute to society through work such as domestic labour and volunteering.
Should governments provide a universal basic income?,pro,"1
The government should not provide a UBI because it is immoral to do so."
Should governments provide a universal basic income?,con,Economic growth is likely to slow if a UBI is implemented.
Should animal testing be banned?,unknown,"8
Animal testing should be banned."
Should animal testing be banned?,unknown,"6
Testing on animals is unethical."
Should animal testing be banned?,unknown,"9
There are preferable alternatives to animal testing that are more accurate and humane."
Should animal testing be banned?,unknown,"14
Animal testing is necessary for medical development."
Should animal testing be banned?,pro,"2
Animal testing is an effective method of testing products."
Should travel bans be instituted to tackle pandemics?,unknown,"17
Travel bans should not be instituted to tackle pandemics."
Should travel bans be instituted to tackle pandemics?,unknown,"5
Travel bans are difficult to enforce."
Should travel bans be instituted to tackle pandemics?,unknown,Travel bans misidentify the reasons why viruses spread.
Should travel bans be instituted to tackle pandemics?,unknown,"6
Travel bans negatively impact the response to pandemics."
Should travel bans be instituted to tackle pandemics?,con,"As long as evidence relating to the effectiveness of travel bans is inconclusive, it is best to err on the side of caution by imposing them anyway."
Should travel bans be instituted to tackle pandemics?,unknown,"5
Travel restrictions can flatten the curve of infections."
Should Commercial Surrogacy be Legal in Liberal Democracies?,unknown,Commercial Surrogacy Should Be Legal In Liberal Democracies
Should Commercial Surrogacy be Legal in Liberal Democracies?,unknown,Women should be free to choose what they want to do with their bodies.
Should Commercial Surrogacy be Legal in Liberal Democracies?,unknown,"If liberal democracies legalise commercial surrogacy, there will be less need to hire women from poorer countries where rights are more often violated."
Should Commercial Surrogacy be Legal in Liberal Democracies?,unknown,"15
Commercial surrogacy makes it possible for some people to have a family."
Should Commercial Surrogacy be Legal in Liberal Democracies?,con,"16
Legalising and regulating commercial surrogacy is preferable to allowing 'altruistic' surrogacy (i.e. minimal financial support to the surrogate mother and living expenses), which devalues the surrogate's contribution to the family and society."
Should Commercial Surrogacy be Legal in Liberal Democracies?,pro,"7
The commercialisation of surrogacy enables the government to properly regulate the industry."
Should Commercial Surrogacy be Legal in Liberal Democracies?,unknown,"1
Commercial surrogacy raises legal issues about who has parental rights over the child."
Should Commercial Surrogacy be Legal in Liberal Democracies?,unknown,Commercial surrogacy is exploitative of women.
Should Commercial Surrogacy be Legal in Liberal Democracies?,unknown,Commercial surrogacy is harmful to surrogate mothers.
Should Commercial Surrogacy be Legal in Liberal Democracies?,unknown,Commercial surrogacy is harmful to children.
Should Commercial Surrogacy be Legal in Liberal Democracies?,unknown,Commercial surrogacy practices commodify human life.
Should Commercial Surrogacy be Legal in Liberal Democracies?,pro,"14
Most people in liberal democracies are religious and most religions do not approve of surrogacy."
Should the BAR exam be eliminated as a requirement to practice law?,unknown,"1
The BAR exam should be eliminated as a requirement to practice law."
Should the BAR exam be eliminated as a requirement to practice law?,unknown,"1
Better alternatives exist to accomplish the intended purpose of the BAR Exam."
Should the BAR exam be eliminated as a requirement to practice law?,unknown,The BAR exam significantly harms the market for lawyers.
Should the BAR exam be eliminated as a requirement to practice law?,con,The BAR exam infringes on individual freedom by restricting upward socio-economic movement.
Should the BAR exam be eliminated as a requirement to practice law?,unknown,The BAR exam preserves the competency of attorneys.
Should the BAR exam be eliminated as a requirement to practice law?,unknown,"1
If the BAR exam is eliminated it would encourage unlawful practices that could currently get you dis-BARed like perjury for example."
Should the BAR exam be eliminated as a requirement to practice law?,unknown,"Passing the BAR exam is a stalwart tradition, a rite of passage that should be upheld."
Is it Time to 'Free the Nipple'? Toplessness and Gender Equality in the US,unknown,"16
Gender restrictions on nipple showing in the US should be eliminated."
Is it Time to 'Free the Nipple'? Toplessness and Gender Equality in the US,unknown,"11
Censoring nipples is oppressive to those who identify as women and those assigned female at birth."
Is it Time to 'Free the Nipple'? Toplessness and Gender Equality in the US,unknown,"2
Uncensoring nipples would be beneficial to society as a whole."
Is it Time to 'Free the Nipple'? Toplessness and Gender Equality in the US,pro,"20
Restricting nipple showing protects female-presenting people from unwanted sexual harassment."
Is it Time to 'Free the Nipple'? Toplessness and Gender Equality in the US,unknown,"16
The public display of female nipples runs counter to the virtue of modesty taught by many cultures and religions practised in the US."
Should we worship a god that sends people to hell?,unknown,"62
We should not worship a God that sends people to hell."
Should we worship a god that sends people to hell?,unknown,"17
Hell is a punishment too severe to worship the one who sends people there."
Should we worship a god that sends people to hell?,con,It's contradictory to worship a loving God who sends people to hell.
Should we worship a god that sends people to hell?,unknown,"5
If we do not know enough to worship, then the default position is not to worship"
Should we worship a god that sends people to hell?,unknown,"7
God is worth worshipping even though He sends people to hell."
Should we worship a god that sends people to hell?,unknown,"5
Self preservation is a reason to worship God."
Should we worship a god that sends people to hell?,unknown,"22
Going to hell is a decision made by humans, not by God."
Should everyone's wealth and income information be publicly available?,unknown,Everyone's wealth and income information should be publicly available.
Should everyone's wealth and income information be publicly available?,pro,"8
Pay transparency would improve business practices and employee conditions."
Should everyone's wealth and income information be publicly available?,unknown,"9
Pay transparency would reduce inequality."
Should everyone's wealth and income information be publicly available?,unknown,"1
This policy would make it much harder to carry out criminal or unethical actions."
Should everyone's wealth and income information be publicly available?,unknown,Making everyone's financial information available to the public is a gross invasion of personal privacy.
Should everyone's wealth and income information be publicly available?,unknown,"16
Increased knowledge of others' financial status is likely to lead to an increase in social unrest."
Should everyone's wealth and income information be publicly available?,con,The public knowledge of everyone's income information will have a negative effect on the wider economy.
Should Google Censor Their Search Results In Order To Operate In China?,unknown,Google should censor their search results in order to operate in China.
Should Google Censor Their Search Results In Order To Operate In China?,pro,"1
Google is a company whose goal is to make a profit. It does not need to worry about ethical concerns if operating in China is profitable."
Should Google Censor Their Search Results In Order To Operate In China?,unknown,Having access to a restricted Google search engine is better than not having access at all.
Should Google Censor Their Search Results In Order To Operate In China?,unknown,"11
Google is already censoring search results in the west based on political decisions of sovereign nations. It wouldn't matter much if they agree to censor Chinese search result on behalf of their legitimate governments requests as well."
Should Google Censor Their Search Results In Order To Operate In China?,unknown,"18
Once popularized, Google would be able to actively fight against censorship in China."
Should Google Censor Their Search Results In Order To Operate In China?,unknown,The residents of China deserve access to Google Search.
Should Google Censor Their Search Results In Order To Operate In China?,unknown,"11
Google's search engine is superior to Baidu."
Should Google Censor Their Search Results In Order To Operate In China?,unknown,"17
Google censoring itself so that it can operate in China will harm its public image."
Should Google Censor Their Search Results In Order To Operate In China?,unknown,"5
By censoring their search results, Google is acknowledging the legitimacy of China's oppression of its citizens."
Should Google Censor Their Search Results In Order To Operate In China?,unknown,"4
Google's tools would be used to further the oppression of Chinese citizens."
Should Google Censor Their Search Results In Order To Operate In China?,unknown,"23
Complying with domestic censorship in order to enter China represents the abandonment of Google's core principles."
Should Google Censor Their Search Results In Order To Operate In China?,unknown,Google complying with China's censorship policy means that there is less incentive for the Chinese government to abolish the laws which denies citizens free access to information on the internet.
Should Google Censor Their Search Results In Order To Operate In China?,unknown,"2
Google would not be able to compete with Baidu in China."
Should Election Campaigns only be Funded by the Government?,unknown,"3
Election campaigns should only be funded by the government."
Should Election Campaigns only be Funded by the Government?,unknown,"12
Privately funded elections make it harder for people from less privileged backgrounds to become politicians."
Should Election Campaigns only be Funded by the Government?,unknown,"5
When corporations and wealthy elites are no longer allowed to donate to election campaigns, politicians will not be beholden to their interests."
Should Election Campaigns only be Funded by the Government?,unknown,"2
If each political party gets the same amount of money to spend on elections, smaller parties will be in a position to compete with larger and more entrenched parties."
Should Election Campaigns only be Funded by the Government?,unknown,"6
If elections are not publicly financed, elected politicians have to spend significant amounts of time raising money from donors in order to get re-elected."
Should Election Campaigns only be Funded by the Government?,unknown,Public funding is unlikely to be allocated fairly across political parties.
Should Election Campaigns only be Funded by the Government?,unknown,"6
State-funded election campaigns increase the burden on the taxpayer."
Should Election Campaigns only be Funded by the Government?,unknown,"Citizens have the right to donate to the election campaigns of political parties, which they are deprived of if only governments fund election campaigns."
Should Election Campaigns only be Funded by the Government?,pro,"13
The public funding of elections further polarises politics by facilitating the rise of parties which are fundamentally opposed to each other and cannot find grounds for compromise."
Is preferential voting the most effective system for ensuring fairer election outcomes?,unknown,"13
Preferential voting is the most effective system for ensuring fair election outcomes."
Is preferential voting the most effective system for ensuring fairer election outcomes?,unknown,"7
Preferential voting gives a more accurate representation of voter preferences because voters are required to mark a preference for every candidate standing."
Is preferential voting the most effective system for ensuring fairer election outcomes?,unknown,Preferential voting increases voter turnout.
Is preferential voting the most effective system for ensuring fairer election outcomes?,unknown,"3
Preferential voting helps prevent gerrymandering."
Is preferential voting the most effective system for ensuring fairer election outcomes?,unknown,The preferential voting system does not use state resources efficiently.
Is preferential voting the most effective system for ensuring fairer election outcomes?,pro,"7
Preferential voting promotes a two party system that is detrimental to minor parties."
Is preferential voting the most effective system for ensuring fairer election outcomes?,con,"6
Preferential voting, or Rank Choice Voting, can be deceptive by giving the false impression that the highest ranked candidate is likely to win. It often favors tertiary candidates and in three-way races, the second place candidate is more likely to win."
Is Western culture superior to other cultures?,unknown,"31
Western culture is superior to other cultures."
Is Western culture superior to other cultures?,unknown,"10
Most great inventions and discoveries of our world were created by Western scientists."
Is Western culture superior to other cultures?,unknown,"14
Compared to other societies, life in Western societies includes a greater number of freedoms, rights, and opportunities."
Is Western culture superior to other cultures?,con,"4
Western thinkers have given humanity great political, economical, and philosophical ideas."
Is Western culture superior to other cultures?,unknown,"3
It is superior in an evolutionary sense in that it allowed the group to more easily compete with other cultures for resources."
Is Western culture superior to other cultures?,unknown,Most great art and literature was created by Western artists and writers.
Is Western culture superior to other cultures?,unknown,"5
Western culture is ill-defined such that it cannot be meaningfully asserted to be superior to others."
Is Western culture superior to other cultures?,unknown,"No culture is ""superior"" to any other."
Is Western culture superior to other cultures?,con,"Dominance is often confused with superiority, and these two are not interchangeable in terms of culture."
Is Western culture superior to other cultures?,unknown,"8
Western civilization has exploited and devastated nature like no other culture before."
Is cultural diversity beneficial to develop a successful organisation?,unknown,"17
Cultural diversity is beneficial to develop a successful organisation."
Is cultural diversity beneficial to develop a successful organisation?,con,"11
Having employees from diverse backgrounds enables organisations to make decisions that consider a much broader perspective."
Is cultural diversity beneficial to develop a successful organisation?,pro,"4
Cultural diversity in the workplace may lead to greater profits for an organisation."
Is cultural diversity beneficial to develop a successful organisation?,unknown,Cultural diversity can increase cultural awareness in the office and market.
Is cultural diversity beneficial to develop a successful organisation?,unknown,Organisations that serve one cultural niche can be successful without diversity.
Is cultural diversity beneficial to develop a successful organisation?,unknown,"1
Cultural diversity can reduce the efficiency of work."
Is cultural diversity beneficial to develop a successful organisation?,con,"18
Cultural diversity can create conflict within the workplace."
Is ecotourism sustainable?,unknown,"1
Ecotourism is not environmentally sustainable."
Is ecotourism sustainable?,unknown,"People often have to travel long distances to be an ecotourist, which can be highly polluting."
Is ecotourism sustainable?,unknown,"1
Ecotourism requires infrastructure to be built, which harms biodiversity."
Is ecotourism sustainable?,unknown,Ecotourism alters animal behaviour and activity.
Is ecotourism sustainable?,unknown,"1
Ecotourism gives people an opportunity to have new experiences with nature and learn more about environmental issues, fostering respect for the environment."
Is ecotourism sustainable?,pro,Ecotourism can help promote the economic growth of a country in a responsible manner.
Is ecotourism sustainable?,pro,"6
Ecotourism protects natural environments that may otherwise be destroyed."
"Should the Primary Focus of Prisons be Rehabilitation, or Punishment?",unknown,"8
The primary focus of prisons should be rehabilitation and reintegration, not punishment."
"Should the Primary Focus of Prisons be Rehabilitation, or Punishment?",pro,"12
Rehabilitation reduces the likelihood of a criminal reoffending, providing the greatest benefit to the community."
"Should the Primary Focus of Prisons be Rehabilitation, or Punishment?",unknown,It is more moral for prisons to focus on rehabilitation than punishment.
"Should the Primary Focus of Prisons be Rehabilitation, or Punishment?",unknown,"26
The threat of punishment is an effective way to deter first-time offenders."
"Should the Primary Focus of Prisons be Rehabilitation, or Punishment?",unknown,"13
By focusing on rehabilitation, victims of crime are denied justice. Punishment is necessary to respect their suffering."
"Should the Primary Focus of Prisons be Rehabilitation, or Punishment?",pro,"24
Removing a prisoner from society is meant to protect the public by preventing any further criminal activity and punish the offender for their criminal behavior."
Is Greta Thunberg's Impact on Society Positive?,unknown,"20
Greta Thunberg's impact on society is positive."
Is Greta Thunberg's Impact on Society Positive?,unknown,"22
Greta Thunberg has triggered a serious global discussion on climate change."
Is Greta Thunberg's Impact on Society Positive?,unknown,Greta Thunberg has had positive influence on the youth of today.
Is Greta Thunberg's Impact on Society Positive?,unknown,"19
Greta Thunberg's choices and actions might be harming the fight against climate change."
Is Greta Thunberg's Impact on Society Positive?,pro,"8
Greta Thunberg has proposed ineffective solutions to climate change."
Should Sex Work Be Legal?,unknown,"65
Buying and selling sex should be legal for sex workers and their clients."
Should Sex Work Be Legal?,pro,"5
The legalisation of sex work would improve the health and security of sex workers."
Should Sex Work Be Legal?,con,"1
The government has no right to outlaw an interaction between consenting adults."
Should Sex Work Be Legal?,con,"10
The legalisation of sex work would create economic benefits."
Should Sex Work Be Legal?,unknown,"27
Criminalisation is necessary to decrease the prevalence of sex work and reduce its inherent harms."
Should Sex Work Be Legal?,unknown,"20
Sex work legalisation would make human trafficking and sex slavery more difficult to fight."
Should Sex Work Be Legal?,unknown,"28
Sex work is immoral and unethical."
Is Christianity Compatible With Feminism?,unknown,"9
Christianity is compatible with feminism."
Is Christianity Compatible With Feminism?,unknown,"1
The fact that Christianity says to do unto others as you would have them do unto you is compatible with treating all people with equality. This is what feminism is all about."
Is Christianity Compatible With Feminism?,con,"4
Historically feminism evolved out of Christianity, rooted in the basic concept of the equality of all people."
Is Christianity Compatible With Feminism?,unknown,"9
Women always had a central role in Christianity. The fact that they don't cover the same roles as men doesn't mean that they have a less important role."
Is Christianity Compatible With Feminism?,unknown,Varying interpretations of the Bible are compatible with feminism.
Is Christianity Compatible With Feminism?,con,"11
The Christian faith is diametrically opposed to women being free to control their own lives or the lives of men."
Is Christianity Compatible With Feminism?,con,"5
All Abrahamic religions have a few verses that may venerate women, but the majority of their laws and suggestions are condemnations, vilifying everything that a woman is and does; this includes Christianity."
Is Christianity Compatible With Feminism?,con,"5
People practice religion in various ways to best suit their various needs. So, a person can be a 'Christian Feminist' by ignoring the parts of their religion that conflict with and/or outright prevent equality."
Is Christianity Compatible With Feminism?,con,"4
The Bible does not consider men and women as equals."
Is Christianity Compatible With Feminism?,unknown,"4
Women are barred from attaining positions of authority. [1]"
Should public health systems fund homeopathy?,unknown,Public health care systems should cover the costs of homeopathic treatment.
Should public health systems fund homeopathy?,con,Consumers within public health systems should be empowered to make their own choices about their treatment.
Should public health systems fund homeopathy?,unknown,"4
Homeopathic treatments could be used more safely within the public health system."
Should public health systems fund homeopathy?,unknown,Funding homeopathy would encourage people to use the public health system.
Should public health systems fund homeopathy?,pro,"2
Most homeopathic remedies are well established so cannot be patented. This means there's little commercial interest in trialling or producing them, so public funding is necessary to build up evidence and maintain quality."
Should public health systems fund homeopathy?,pro,"2
Public health systems should not fund treatments that have been proven not to work or have any predictable effect."
Should public health systems fund homeopathy?,unknown,"3
Government funding would give homeopathic treatments unwarranted legitimacy."
Should public health systems fund homeopathy?,unknown,"The use of homeopathy, given its lack of scientific evidence, will undermine people's faith in the public health system."
Should public health systems fund homeopathy?,unknown,Funding homeopathic treatments would be too expensive for public health systems.
Should quotas for women on boards and in managerial positions be mandatory?,unknown,Quotas for women on boards and in managerial positions should be mandatory.
Should quotas for women on boards and in managerial positions be mandatory?,unknown,Gender diversity at the top level of a company is an asset to businesses.
Should quotas for women on boards and in managerial positions be mandatory?,unknown,Quotas at the top level help address the gender imbalance in the workplace.
Should quotas for women on boards and in managerial positions be mandatory?,unknown,"3
Women in senior positions can alter the culture of companies in order to support women in lower positions."
Should quotas for women on boards and in managerial positions be mandatory?,unknown,"3
Gender quotas that do not drive selection of candidates based on competency or accomplishment are unjust."
Should quotas for women on boards and in managerial positions be mandatory?,pro,Gender quotas are ineffective and counterproductive.
Should quotas for women on boards and in managerial positions be mandatory?,unknown,"3
Governments should not intervene in company HR practices without serious cause to do so."
Should citizens be able to crowdsource laws?,unknown,"59
Citizens should be able to crowdsource laws."
Should citizens be able to crowdsource laws?,pro,"15
Crowdsourcing has the potential to improve law-making by utilizing collective potential that currently remains untapped."
Should citizens be able to crowdsource laws?,unknown,"7
Crowdsourcing allows for laws to be created that are difficult in the current structure of government, thanks to special interests or the reelection fears of legislators."
Should citizens be able to crowdsource laws?,unknown,"2
In a democracy, all citizens by definition have a right to participate in their government."
Should citizens be able to crowdsource laws?,pro,"13
Democracy selects for characteristics in decision makers that are not necessarily beneficial, for example the ability to agitate people. Crowdsourcing provides a mechanism that doesn't suffer from this flaw."
Should citizens be able to crowdsource laws?,unknown,"9
It would help repoliticize citizens who lost faith in politics."
Should citizens be able to crowdsource laws?,pro,"13
Ordinary political decision-making is prone to the corruption of those who make decisions. As crowdsourcing is decentralized and involves many more people, it is less prone to that."
Should citizens be able to crowdsource laws?,pro,"10
Crowdsourcing laws would bring more citizens into the process of lawmaking as active participants."
Should citizens be able to crowdsource laws?,unknown,"4
There are significant examples of direct democracy violating the rights of minorities."
Should citizens be able to crowdsource laws?,unknown,Participation is likely to be low so it would lead to laws that are changed and created according to the opinions of the small number of individuals and groups who participate rather than optimal and/or well-legitimized laws.
Should citizens be able to crowdsource laws?,con,"It could lead to laws that are changed and created according to vocal small groups who don't have a good sense of broader prioritization and cost-benefit ratios, considering their group's interests very important."
Should citizens be able to crowdsource laws?,unknown,"18
Crowdsourcing laws would disrupt and cause distractions from the normal functioning of the political system."
Should citizens be able to crowdsource laws?,unknown,"15
Citizens lack the knowledge and skills to draft good laws."
Should citizens be able to crowdsource laws?,unknown,"6
Participation is inherently and unfairly biased towards those with free time and easy internet access."
Should citizens be able to crowdsource laws?,unknown,"7
Online systems are vulnerable to cyberattacks."
Should citizens be able to crowdsource laws?,unknown,"1
Online political discussion tends to be toxic, and the quality of online discussion on law-making platforms would be so bad as to be unusable."
Should citizens be able to crowdsource laws?,pro,"The technical online systems could be problematic such as giving a lot of control to those who develop and run it, excluding selected people, or intruding privacy."
Should citizens be able to crowdsource laws?,con,"2
It could lead to laws that are changed and created based on how things sound on a superficial level rather than to reasonable, science-based, effective laws that consider actual consequences that are not immediately clear, and/or long-term impacts."
Should citizens be able to crowdsource laws?,unknown,It would be difficult to limit the participation to citizens of the country.
Should citizens be able to crowdsource laws?,con,"18
Crowdsourcing would be at an inherent risk of being hijacked by either sides to enact archaic draconian laws - for example the death penalty."
Should Law Enforcement have volunteers?,unknown,Law Enforcement should have volunteers.
Should Law Enforcement have volunteers?,unknown,"2
It lessens the 'us vs. them' mentality, creating a police force that is actually made by members of the community."
Should Law Enforcement have volunteers?,pro,It provides the community with closer communication with the police.
Should Law Enforcement have volunteers?,pro,"1
It provides work experience for the volunteer."
Should Law Enforcement have volunteers?,pro,"2
It will create a bad impression for law enforcement because volunteers can be unprofessional."
Should Law Enforcement have volunteers?,unknown,Volunteers can be unreliable and have unpredictable behaviour that ends up becoming a distraction for the police officers from doing their job.
Should Law Enforcement have volunteers?,unknown,"5
Volunteers, due to lack or training, could be a danger to others or themselves."
Should Law Enforcement have volunteers?,unknown,"2
Police shouldn't need a free workforce."
Should public displays of affection (PDA) be allowed in middle school and high school?,unknown,"17
Public displays of affection (PDA) should be allowed in middle school and high school."
Should public displays of affection (PDA) be allowed in middle school and high school?,unknown,"8
PDA are not significant enough to warrant regulation."
Should public displays of affection (PDA) be allowed in middle school and high school?,unknown,"11
Middle and high school students are disciplined enough to know when it's acceptable to participate in PDA."
Should public displays of affection (PDA) be allowed in middle school and high school?,unknown,"6
PDA can have positive psychosocial effects on students."
Should public displays of affection (PDA) be allowed in middle school and high school?,unknown,PDA in school can make people uncomfortable.
Should public displays of affection (PDA) be allowed in middle school and high school?,pro,Schools are not appropriate places for PDA.
Should public displays of affection (PDA) be allowed in middle school and high school?,unknown,PDA in schools can distract students from their studies.
Should the government provide funding for arts programs?,pro,"3
The government should provide funding for arts programs."
Should the government provide funding for arts programs?,pro,"11
Government spending on arts programs and organizations generates economic activity."
Should the government provide funding for arts programs?,pro,"1
Arts programs are part of a vibrant civil society and, therefore, are an important part of any democracy (p. 2)."
Should the government provide funding for arts programs?,unknown,"19
Involvement in the arts can be a positive influence on vulnerable people in society."
Should the government provide funding for arts programs?,pro,"4
Government funding discourages charitable donations to arts programs (p. 1)."
Should the government provide funding for arts programs?,pro,"2
Government funding of arts programs will inevitably lead to increased government influence and control over art."
Should the government provide funding for arts programs?,pro,"18
There is little evidence that government funding for arts programs is helpful in qualitatively or quantitatively expanding the arts."
Should the US adopt a single-payer health care system?,unknown,"2
The US should adopt a single-payer health care system."
Should the US adopt a single-payer health care system?,unknown,"3
Single-payer is the most compassionate solution for the US."
Should the US adopt a single-payer health care system?,pro,Saving human lives should not be an activity reliant on the incentive by profit.
Should the US adopt a single-payer health care system?,unknown,Single payer would simplify the healthcare system for everyone.
Should the US adopt a single-payer health care system?,unknown,Single-payer health systems are more cost-effective.
Should the US adopt a single-payer health care system?,unknown,"1
There are examples of several other western countries utilising the single-payer system with great success."
Should the US adopt a single-payer health care system?,unknown,"1
Single-payer health care threatens the free market."
Should the US adopt a single-payer health care system?,con,"3
It contributes to the centralization of power and decision making. It puts everyone at risk if the people in charge are evil or incompetent."
Should the US adopt a single-payer health care system?,con,"2
A single-payer healthcare system would lead to an increase in taxes and would therefore damage the economy."
Should the US adopt a single-payer health care system?,unknown,A single-payer healthcare system would lead to a worse healthcare service.
Should the US adopt a single-payer health care system?,unknown,"3
Any third party payer will reduce the number of available choices."
Should individuals sentenced to life in prison be allowed to choose death instead?,unknown,Individuals sentenced to life in prison should be allowed to choose death instead.
Should individuals sentenced to life in prison be allowed to choose death instead?,unknown,"6
It is an individual's choice to decide if they wish to live or die."
Should individuals sentenced to life in prison be allowed to choose death instead?,unknown,The prison system would benefit from allowing inmates to choose death.
Should individuals sentenced to life in prison be allowed to choose death instead?,pro,"3
Rehabilitation and, where appropriate, reintegration should be a central goal of prisons, and allowing people to choose death is contrary to that."
Should individuals sentenced to life in prison be allowed to choose death instead?,con,Criminals should be forced to live with the consequences of their crimes.
Is having police officers in schools a good idea?,unknown,Having police officers in schools is a good idea.
Is having police officers in schools a good idea?,unknown,"2
Having police officers in schools would save lives."
Is having police officers in schools a good idea?,unknown,"1
Having police officers in schools builds trust between the community and law enforcement."
Is having police officers in schools a good idea?,unknown,"7
Police officers in schools would force students to follow the rules."
Is having police officers in schools a good idea?,unknown,Police officers may intimidate or assault students.
Is having police officers in schools a good idea?,unknown,Having police officers in schools distracts children from learning.
Is having police officers in schools a good idea?,unknown,Having police officers in schools would require a great deal of money and other resources.
Is discipline necessary in education?,unknown,Teachers and parents must seek to educate disciplined children.
Is discipline necessary in education?,pro,"1
Discipline helps in structuring classroom activities and achieve learning goals.
Click to see the pros and cons below this claim."
Is discipline necessary in education?,unknown,Discipline and clear boundaries can have a positive influence on children's behavior.
Is discipline necessary in education?,pro,"Without discipline, children will not adapt to their environment properly."
Is discipline necessary in education?,unknown,"3
Being disciplined is a positive trait in life. Thus, it makes sense for adults to instill it in children."
Is discipline necessary in education?,unknown,"2
Certain types of disciplining can cause psychological harm."
Is discipline necessary in education?,unknown,"3
Disciplining children can sometimes be discriminatory."
Is discipline necessary in education?,unknown,Discipline oppresses children in such a way that they cannot express themselves.
Is discipline necessary in education?,unknown,Discipline kills creativity.
Should the state grant benefits linked to marriage?,unknown,The state should not grant any benefits linked to marriage.
Should the state grant benefits linked to marriage?,unknown,"6
Marriage is a private agreement in which the state has no business."
Should the state grant benefits linked to marriage?,unknown,"5
Marriage should be an expression of affection and a desire for common life between two individuals and not a way to exploit benefits, thus benefits ruin its meaning."
Should the state grant benefits linked to marriage?,unknown,These benefits discriminate unfairly against unmarried people.
Should the state grant benefits linked to marriage?,unknown,Marriage is a harmful institution and should not be supported by the state.
Should the state grant benefits linked to marriage?,unknown,Marriage was once the pillar of society. The state would be turning its back on tradition and stability by removing benefits linked to marriage.
Should the state grant benefits linked to marriage?,pro,These benefits will provide support to minority groups looking to get married.
Should the state grant benefits linked to marriage?,unknown,"Marriage allows for a more cohesive family unit, which the state should incentivise."
Is it unethical to use ad-blockers?,unknown,It is unethical to use ad-blockers.
Is it unethical to use ad-blockers?,unknown,"7
Running ad-blockers is equivalent to freeloading off of media publications because it blocks their revenue stream."
Is it unethical to use ad-blockers?,con,"2
Ads help ensure equity in access to internet services because the prevalence of advertising as a business practice means most Internet content is free."
Is it unethical to use ad-blockers?,unknown,"6
Advertising is one of the only mechanisms small companies have to compete against larger counterparts on the internet."
Is it unethical to use ad-blockers?,pro,"12
Running an ad blocker breaks the implicit contract that the user will view content as presented by the provider."
Is it unethical to use ad-blockers?,unknown,"8
There are means of avoiding ads online that are ethical."
Is it unethical to use ad-blockers?,unknown,"9
Blocking ads is a matter of security; online ads can spread malicious software and threaten cyber security."
Is it unethical to use ad-blockers?,pro,"Computer users should have the right to control what runs on their machines. This extends to the right to prevent third parties, such as publishers, running programs (i.e. ads) that the user finds undesirable."
Is it unethical to use ad-blockers?,unknown,Ads are an invasion of users' privacy.
Is it unethical to use ad-blockers?,unknown,"7
Advertising is psychologically damaging. Given this, it is perfectly moral to take whatever steps are necessary  to minimise its impact."
Is it unethical to use ad-blockers?,unknown,"7
Advertising creates harmful incentives for web publishers. Running blockers will help push them to adopt better business models."
Is it unethical to use ad-blockers?,unknown,"4
Ads are irritating and make the internet more difficult to navigate."
Is it unethical to use ad-blockers?,con,"4
There are analogous practices on all other forms of media that are not considered unethical. Ad blocking is no different."
Is Organic Farming Better Than Conventional Farming?,con,"14
Organic farming is better than conventional farming."
Is Organic Farming Better Than Conventional Farming?,con,The welfare for organic livestock is higher than for conventional livestock.
Is Organic Farming Better Than Conventional Farming?,con,"3
Organic farming is healthier for people than conventional farming."
Is Organic Farming Better Than Conventional Farming?,unknown,"5
Organic farming is better for the environment."
Is Organic Farming Better Than Conventional Farming?,con,Organic farming is economically more sound.
Is Organic Farming Better Than Conventional Farming?,pro,"1
Organically-grown produce tastes better than conventionally-grown."
Is Organic Farming Better Than Conventional Farming?,con,"12
The organic label is inconsistent and legally more complicated, as it is slightly arbitrary and subject to changes."
Is Organic Farming Better Than Conventional Farming?,unknown,"10
Organic farming cannot support the current population."
Is Organic Farming Better Than Conventional Farming?,con,"There are no certificates for organic food that allow for genetic editing which could make the food more sustainable (e.g. reduce land use), resistant (e.g. better withstand droughts) or healthy (e.g. raise micronutrient contents)."
Is Organic Farming Better Than Conventional Farming?,pro,"According to a study, certification of organic production is largely restricted to banning synthetic agrochemicals, resulting in limited benefits for biodiversity but high yield losses."
Is Organic Farming Better Than Conventional Farming?,con,"4
Organic farming is more complicated to grow, which may lead to inconsistencies in quality."
Is Organic Farming Better Than Conventional Farming?,con,"7
Conventional farming allows for more variation in food than organic practices."
Should all major political decisions be made via public referendum?,unknown,"3
All major political decisions should be made via public referendum."
Should all major political decisions be made via public referendum?,pro,Referendums foster a sense of inclusivity in democracy and make people feel part of the political process.
Should all major political decisions be made via public referendum?,unknown,People should have a right to vote on major policy decisions as these decisions will affect them directly.
Should all major political decisions be made via public referendum?,unknown,"4
Referendums can legitimize major political decisions."
Should all major political decisions be made via public referendum?,unknown,"7
Some major political decisions require specialised knowledge that the average citizen does not have."
Should all major political decisions be made via public referendum?,unknown,Referendums reduce complex issues to a binary yes or no choice.
Should all major political decisions be made via public referendum?,unknown,"Some major political decisions are in fact decisions about the rights of citizens, and should not be subject to a referendum."
Should all major political decisions be made via public referendum?,pro,Deciding whether a political decision is 'major' or not may become a politicised process.
Should all major political decisions be made via public referendum?,unknown,"26
Referendums can shine a spotlight on fringe movements."
Should unpaid internships be banned?,unknown,Unpaid internships should be banned.
Should unpaid internships be banned?,con,"4
It is unethical to employ people without economic compensation."
Should unpaid internships be banned?,unknown,Unpaid internships are a barrier to greater social equality in society.
Should unpaid internships be banned?,unknown,"2
Unpaid internships harm the job market globally."
Should unpaid internships be banned?,unknown,"4
Unpaid internships are difficult to regulate and monitor, often resulting in illegal practices."
Should unpaid internships be banned?,pro,"3
There are more effective methods to deal with the problems of unpaid internships than a ban."
Should unpaid internships be banned?,unknown,Unpaid internships can be seen as a form of long interview: they give employers a tool to assess and 'try' potential employees.
Should unpaid internships be banned?,unknown,Unpaid internships can pave the way for a good career.
Is the minimum wage good for the economy overall?,con,"7
The minimum wage is good for the economy."
Is the minimum wage good for the economy overall?,con,"3
A reasonable minimum wage has an average positive balance on economic output."
Is the minimum wage good for the economy overall?,pro,"The minimum wage protects workers from unethical businesses, who want to underpay their workers."
Is the minimum wage good for the economy overall?,pro,"3
Minimum wage drives technological development as it gets profitable to invest in technology if the cost of labor is above the poverty line."
Is the minimum wage good for the economy overall?,unknown,"7
The minimum wage increases people's standard of living."
Is the minimum wage good for the economy overall?,unknown,"6
Minimum wage laws harm the the least skilled workers by making it impossible for them to compete against more skilled workers, as it prevents them from working for less money."
Is the minimum wage good for the economy overall?,unknown,"1
Implementing a minimum wage increases inflation."
Is the minimum wage good for the economy overall?,unknown,"2
The minimum wage is unnecessary because the market determines a fair, equilibrium wage on its own."
Is the minimum wage good for the economy overall?,pro,"7
Minimum wage law is being used as the excuse to replace workers with machines since little organizational force opposes this replacement and machines are more profitable"
Is health care a human right?,con,"21
Health care should be considered a human right."
Is health care a human right?,unknown,Health care is necessary for people to live good and fulfilling lives.
Is health care a human right?,pro,Providing healthcare as a human right ensures citizens' access to life and obligates the state to provide it to all.
Is health care a human right?,con,"4
Health care does not fit within the confines of what defines a human right."
Is health care a human right?,con,Declaring healthcare as a human right is economically unfeasible.
Should There be a Universal Basic Income (UBI)?,pro,"46
Wealthy countries should provide citizens with a universal basic income (UBI)."
Should There be a Universal Basic Income (UBI)?,pro,"54
A UBI would improve the lives of many people."
Should There be a Universal Basic Income (UBI)?,unknown,"7
A UBI is the most effective and efficient wealth redistribution system."
Should There be a Universal Basic Income (UBI)?,unknown,"23
A UBI would reduce crime rates."
Should There be a Universal Basic Income (UBI)?,pro,"33
A UBI may erode the personal and societal incentives for financial responsibility, self-improvement, and hard work; at least for some people."
Should There be a Universal Basic Income (UBI)?,con,"49
UBIs would have negative economic effects on the countries that implement them."
Should There be a Universal Basic Income (UBI)?,pro,"7
Providing a UBI may create harmful political consequences."
Is There A Need For Testing on Lab Animals in Research?,unknown,There is a need for lab animals to be used in research.
Is There A Need For Testing on Lab Animals in Research?,unknown,Animal models are necessary for studying the fundamental working mechanisms of the body.
Is There A Need For Testing on Lab Animals in Research?,unknown,Animal testing has resulted in significant developments in medicine for humans and other animals.
Is There A Need For Testing on Lab Animals in Research?,unknown,It is unethical and immoral to use animals for testing.
Is There A Need For Testing on Lab Animals in Research?,unknown,"7
There are now better alternatives that eliminate the need for lab animals."
Should US Presidents Have the Power to Issue Pardons?,unknown,"17
US presidents should not have the power to issue pardons."
Should US Presidents Have the Power to Issue Pardons?,unknown,"4
Presidential pardons facilitate unethical behavior, including corruption and scandals."
Should US Presidents Have the Power to Issue Pardons?,con,"6
Presidential pardons are inconsistent with a democratic system of governance."
Should US Presidents Have the Power to Issue Pardons?,con,"6
Removing the executive pardon would eliminate a vital constitutional check and balance on the judicial branch."
Should US Presidents Have the Power to Issue Pardons?,unknown,"7
Presidential pardons have had no negative national impact to warrant revocation of this power."
Is the world of Harry Potter really the place to be?,unknown,"10
It would be better to live in the world of Harry Potter."
Is the world of Harry Potter really the place to be?,unknown,"11
Magic opens up new ways of experiencing life."
Is the world of Harry Potter really the place to be?,unknown,Magic has many practical uses that can increase the efficiency of day-to-day life.
Is the world of Harry Potter really the place to be?,unknown,The wizarding world is safer than the Muggle world.
Is the world of Harry Potter really the place to be?,unknown,"6
The wizarding world is authoritarian and oppressive."
Is the world of Harry Potter really the place to be?,unknown,"2
The magical education system is inadequate in preparing students for success."
Is the world of Harry Potter really the place to be?,unknown,"16
The wizarding world is socially regressive."
Is equality of outcome better than equality of opportunity?,unknown,"3
Equality of outcome is better than equality of opportunity."
Is equality of outcome better than equality of opportunity?,unknown,Equality of outcome ensures equal access to resources and opportunities.
Is equality of outcome better than equality of opportunity?,unknown,Equality of outcome fosters social cohesion.
Is equality of outcome better than equality of opportunity?,pro,Promoting equality of opportunity is more economically efficient.
Is equality of outcome better than equality of opportunity?,unknown,Equality of outcome undermines individual merit and effort.
Is “Wednesday” a better show than Stranger Things?,unknown,“Wednesday” is a better show than Stranger Things.
Is “Wednesday” a better show than Stranger Things?,unknown,The characters in the Wednesday universe are better than the characters in the Stranger Things universe.
Is “Wednesday” a better show than Stranger Things?,unknown,Wednesday has better viewership numbers than Stranger Things.
Is “Wednesday” a better show than Stranger Things?,unknown,"2
Stranger Things has garnered more critical acclaim than Wednesday."
Is “Wednesday” a better show than Stranger Things?,unknown,"Stranger Things is more engaging as a show than Wednesday, since it is grounded closer to reality."
Is “Wednesday” a better show than Stranger Things?,unknown,Stranger Things is more 'original' than Wednesday.
Is water wet?,unknown,"10
Water is wet."
Is water wet?,pro,Wet is an emergent property that describes the characteristics of a collection of water molecules.
Is water wet?,unknown,"7
This is an analytic a priori truth (true by definition)."
Is water wet?,unknown,"1
Everything water touches becomes wet."
Is water wet?,unknown,"Water is sometimes dry, so all water cannot be described as wet."
Is water wet?,pro,"5
Wetness is a property of experience rather than of water itself."
Is water wet?,unknown,"8
Anything that can be wet can also be dry. Since water cannot be dry, it cannot be wet."
Should Society Treat Obesity as an Acceptable Lifestyle Choice?,unknown,"35
Society should not treat obesity as an acceptable lifestyle choice."
Should Society Treat Obesity as an Acceptable Lifestyle Choice?,unknown,"Societal norms should be based upon fact, not illusion or ignorance. The fact is: obesity is a damaging and costly physical state. That does not mean that obese individuals should be shamed in any way, but instead that they should be, as much as possible, educated, offered resources, and encouraged to achieve a more healthful state to the degree that it is within their power. To treat obesity as normal is indirectly cruel and damaging to obese individuals."
Should Society Treat Obesity as an Acceptable Lifestyle Choice?,con,"The ""body acceptance"" or ""fat acceptance"" movement, while in itself a noble idea, has negative repercussions such as outright discouraging people from bettering their health conditions by losing weight."
Should Society Treat Obesity as an Acceptable Lifestyle Choice?,unknown,"21
Obesity can have serious negative impacts on people's physical and mental wellbeing."
Should Society Treat Obesity as an Acceptable Lifestyle Choice?,unknown,"Widespread societal agreement about obesity's unacceptability can help support policy changes that may prevent obesity, like scheduling more time for physical education in schools or taxing sugary drinks."
Should Society Treat Obesity as an Acceptable Lifestyle Choice?,unknown,"12
Obesity creates negative externalities that harm society."
Should Society Treat Obesity as an Acceptable Lifestyle Choice?,unknown,Treating obesity as unacceptable works as a deterrent.
Should Society Treat Obesity as an Acceptable Lifestyle Choice?,pro,"14
Obese people can cause a lot of problems for others in daily life."
Should Society Treat Obesity as an Acceptable Lifestyle Choice?,con,Obese people are considered disgusting by many.
Should Society Treat Obesity as an Acceptable Lifestyle Choice?,unknown,"11
Obese people are already discriminated against. Shaming them reinforces the underlying bias that leads to discrimination."
Should Society Treat Obesity as an Acceptable Lifestyle Choice?,unknown,"1
Making it socially unacceptable to be obese will increase bullying of obese people."
Should Society Treat Obesity as an Acceptable Lifestyle Choice?,unknown,"33
For many people, obesity is not a choice."
Should Society Treat Obesity as an Acceptable Lifestyle Choice?,unknown,"16
All people who respect the interpersonal norms of society deserve to be treated, on an interpersonal level, equally by society."
Should Society Treat Obesity as an Acceptable Lifestyle Choice?,unknown,"This would normalize societal shaming aimed against people's personal choices, making it more likely that society will begin to shame other behaviors and become more intrusive into individuals' lives."
Should Society Treat Obesity as an Acceptable Lifestyle Choice?,unknown,"10
It would be better for society if we deferred to personal autonomy, as people would be better able to self-actualize and be the people they want to be."
Should Society Treat Obesity as an Acceptable Lifestyle Choice?,unknown,"3
Acceptance of fat bodies is a valuable counterbalancing message to narratives of 'wellness' and 'thinspo' that are pervasive within society."
Should Society Treat Obesity as an Acceptable Lifestyle Choice?,unknown,"5
Gluttony is the issue with which society should take exception. Indulging beyond the needs of nutrition can occur in all people, and would require more personal honesty and humility. Obesity is an outward appearance may be the result of a situation warranting compassion and kindness, not ridicule and shame."
Should Society Treat Obesity as an Acceptable Lifestyle Choice?,con,"2
At certain times in history, obesity was considered attractive, as it was a symbol of wealth and status. We should not assume that our current values are correct."
Should Society Treat Obesity as an Acceptable Lifestyle Choice?,unknown,"1
Being obese does not harm others."
Should All Drug Trial Participants Be Chosen By Lottery?,unknown,"8
All participants for drug trials that involve humans in the US should be chosen randomly from those in the population who meet the required characteristics of the study."
Should All Drug Trial Participants Be Chosen By Lottery?,pro,"3
Mandatory participation in drug tests would improve the quality and utility of medical trials."
Should All Drug Trial Participants Be Chosen By Lottery?,unknown,"25
In the status quo, people who take part in medical trials are those who need money, which is a dangerous form of coercion. This policy removes this coercive financial incentive in favour of a fair method: random chance."
Should All Drug Trial Participants Be Chosen By Lottery?,unknown,"3
This policy would make drug trials safer for participants."
Should All Drug Trial Participants Be Chosen By Lottery?,con,"3
The practice of randomly choosing is just and fair, as the inconvenience and potential dangers of the medical trials get distributed all over society from the bottom to the top."
Should All Drug Trial Participants Be Chosen By Lottery?,unknown,Forcing people to take drugs is a violation of human rights and civil liberties.
Should All Drug Trial Participants Be Chosen By Lottery?,con,"8
Since participation in many trials requires having a specific condition or meeting certain criteria, it will require a massive invasion of (currently private) medical records to find these people."
Should All Drug Trial Participants Be Chosen By Lottery?,unknown,This policy would agitate the public.
Should All Drug Trial Participants Be Chosen By Lottery?,unknown,"3
Randomly selecting participants for trials takes away the chance for those who want to have access to potential treatments before they are widely available to step forward and volunteer."
Should All Drug Trial Participants Be Chosen By Lottery?,unknown,This policy would create perverse incentives for people.
Should All Drug Trial Participants Be Chosen By Lottery?,con,"17
Drug tests often require a control group that are given placebos and no other form of treatment. It is extra-unethical to withhold treatments when participants are not freely consenting to the possibility."
Should All Drug Trial Participants Be Chosen By Lottery?,con,"6
Any possible benefits of this policy are outweighed by the massive economic costs it would cause."
Is Artificial Intelligence a threat to democratic governance?,unknown,"4
Artificial Intelligence tools will be more detrimental than beneficial to democracy and democratic governments overall."
Is Artificial Intelligence a threat to democratic governance?,unknown,"7
AI has the potential to erode social trust and cause social strife in society."
Is Artificial Intelligence a threat to democratic governance?,unknown,"5
AI represents a threat to the foundational principles of democracy."
Is Artificial Intelligence a threat to democratic governance?,pro,AI can enhance the efficiency and transparency of the political decision making process.
Is Artificial Intelligence a threat to democratic governance?,unknown,"AI can mitigate biases and discrimination, helping governments treat citizens more fairly."
Should renewable energy sources replace fossil fuels?,unknown,"8
Renewable energy sources with sufficient energy storage should replace fossil fuels for grid power."
Should renewable energy sources replace fossil fuels?,unknown,"3
Fossil fuels such as coal and natural gas are finite and will run out eventually."
Should renewable energy sources replace fossil fuels?,unknown,"9
Biogas is a viable replacement for natural gas as it can be introduced into the existing gas infrastructure."
Should renewable energy sources replace fossil fuels?,pro,"5
The process of change has started."
Should renewable energy sources replace fossil fuels?,unknown,"2
There are more efficient sustainable options available that should be utilized instead of renewable energy sources."
Should renewable energy sources replace fossil fuels?,unknown,"3
Renewable energy sources have negative environmental impacts."
Should renewable energy sources replace fossil fuels?,con,"3
The economic costs of shifting to renewable energy sources are high."
Should plastic water bottles have a five-cent deposit on every bottle?,unknown,"1
Plastic water bottles should have a five-cent deposit on every bottle."
Should plastic water bottles have a five-cent deposit on every bottle?,pro,A five-cent deposit would create a disincentive for purchasing plastic products.
Should plastic water bottles have a five-cent deposit on every bottle?,pro,The funds collected could be used to address environmental problems.
Should plastic water bottles have a five-cent deposit on every bottle?,unknown,A five-cent deposit would increase the percentage of plastic bottles recycled and thus reduce plastic pollution.
Should plastic water bottles have a five-cent deposit on every bottle?,unknown,This method might not effectively tackle the actual issues of plastic pollution.
Should plastic water bottles have a five-cent deposit on every bottle?,unknown,"This policy would impose an excessive load on retailers, demanding their time and financial resources."
Should plastic water bottles have a five-cent deposit on every bottle?,con,It unfairly shifts the responsibility of covering the expenses related to environmental pollution onto consumers.
Is it ethically wrong to watch pornography?,unknown,"25
It is not ethically wrong to watch pornography."
Is it ethically wrong to watch pornography?,pro,"10
Since ethically produced porn exists, it is possible to make ethical choices about what porn you watch."
Is it ethically wrong to watch pornography?,con,Viewing pornography is ethical because the adult content industry yields significant benefits for society.
Is it ethically wrong to watch pornography?,unknown,"6
Watching porn can be harmful for the individual."
Is it ethically wrong to watch pornography?,unknown,"4
Watching pornography negatively impacts relationships and social welfare."
Should Dictatorships Receive Development Aid?,pro,"14
Democracies should only provide official development assistance (ODA) to democratic countries."
Should Dictatorships Receive Development Aid?,unknown,"11
In the absence of democratic institutions development assistance will be spent by the regimes as they see fit. Their decisions will not always be fair, legal, or in the public interest."
Should Dictatorships Receive Development Aid?,con,"7
Making assistance conditional on democratisation makes economic reform and growth in non-democratic states more likely."
Should Dictatorships Receive Development Aid?,con,"5
Tying development assistance to a free democratic basic order is the strong preference of the majority of donor countries' citizens. As they are the ones who have to fund development aid, taxpayers' opinion should be seriously taken into consideration."
Should Dictatorships Receive Development Aid?,con,Conditional development assistance works as an incentive for further democratization.
Should Dictatorships Receive Development Aid?,con,"2
Unconditional foreign assistance is vital to achieving peace and stability in non-democratic recipient states."
Should Dictatorships Receive Development Aid?,con,Tying assistance to the conditions of democratization is immoral.
Should Dictatorships Receive Development Aid?,unknown,"29
The level of democratization and the quality of governments are hard to measure accurately and in a fair way."
Should Dictatorships Receive Development Aid?,pro,"18
By making development assistance conditional on democratization, donor states run the risk of losing out on a potential source of influence over recipient states to protect important strategic interests."
Is enlightened despotism superior to democracy?,unknown,"25
Enlightened Despotism is superior to Democracy."
Is enlightened despotism superior to democracy?,unknown,"5
An enlightened despot is independent from the negative influences that plague decision-making in democracies."
Is enlightened despotism superior to democracy?,unknown,"10
The Enlightened Despot can take advantage of modern technology in ways that would be difficult for democracies to match."
Is enlightened despotism superior to democracy?,unknown,"12
Democracy is a deeply flawed system of government, in ways that Enlightened Despotism is not."
Is enlightened despotism superior to democracy?,unknown,"1
With an established ruling elite, the people of such a state need not worry about politics and can live their lives with greater freedom."
Is enlightened despotism superior to democracy?,unknown,"7
The Enlightened Despot is a single point of failure -- if anything happens to them, the government is crippled. Democracy's distributed leadership is much more resilient."
Is enlightened despotism superior to democracy?,unknown,"Enlightened Despotism risks unchecked corruption. Instead of investing absolute power in a single person, democracy distributes power to create checks and balances that can be used to combat corruption"
Is enlightened despotism superior to democracy?,unknown,"The Enlightened Despot is incapable of understanding everything that needs to be done, whereas an effective democracy reflects the needs of all the people."
Is enlightened despotism superior to democracy?,unknown,"6
Enlightened Despotism has never worked, and if history is an indicator, it never will."
Is enlightened despotism superior to democracy?,unknown,Despotism is inherently inferior to democracy due to a lack of legitimacy.
Is the Premier League Better than the Bundesliga?,unknown,"4
The Premier League (PL) is better than the Bundesliga (BL)."
Is the Premier League Better than the Bundesliga?,unknown,"1
The PL is more capable at attracting world-class players than the BL."
Is the Premier League Better than the Bundesliga?,unknown,"10
The PL is more entertaining from a competitive standpoint."
Is the Premier League Better than the Bundesliga?,unknown,"1
The PL is preferred by fans outside of Europe, for example in China."
Is the Premier League Better than the Bundesliga?,con,"The PL has a higher revenue than the BL or any other league in the world. So, from an economical perspective, it is the most successful."
Is the Premier League Better than the Bundesliga?,unknown,"The BL is more fan-friendly, attracts a bigger live audience and has a better stadium atmosphere."
Is the Premier League Better than the Bundesliga?,unknown,"7
The PL utilizes domestic talent to a lower degree than the BL."
Is the Premier League Better than the Bundesliga?,unknown,The football played in the BL is more attractive than that in the PL.
Is the Premier League Better than the Bundesliga?,con,"12
More than half of all PL clubs have majority owners born outside the UK. In the eyes of many, this makes them investment targets first - and sport clubs with a responsibility to tradition and local origin second."
Is the Premier League Better than the Bundesliga?,unknown,"2
The BL's clubs are more successful in international competitions than the PL's clubs."
Should American Football Be Banned?,unknown,"2
American football should be banned."
Should American Football Be Banned?,unknown,"1
American football is too dangerous to permit league football."
Should American Football Be Banned?,pro,"13
The organizations that promote football are exploitative."
Should American Football Be Banned?,unknown,"16
The institution of American football is socially harmful."
Should American Football Be Banned?,unknown,"5
Reforming the way football is played would be preferable to a ban."
Should American Football Be Banned?,con,American football is too economically important to ban.
Should American Football Be Banned?,unknown,"4
Football is very popular and a critical part of many communities."
Should religious practices that incorporate self-harm be banned?,unknown,"1
Religious practices that incorporate self-harm should be banned."
Should religious practices that incorporate self-harm be banned?,pro,"6
States have a duty to protect their citizens, even from themselves and religion."
Should religious practices that incorporate self-harm be banned?,unknown,There is precedent for banning harmful religious practices.
Should religious practices that incorporate self-harm be banned?,unknown,"Religious endorsement of self-harm would validate and amplify the practice, which would threaten public health."
Should religious practices that incorporate self-harm be banned?,unknown,People should be free to practise their religion as long as they do not harm others.
Should religious practices that incorporate self-harm be banned?,unknown,A ban on self-harming rituals would be heavily opposed by religious communities.
Should religious practices that incorporate self-harm be banned?,unknown,"5
Banning self-harming rituals will be ineffective."
Is the Scientific Process Objective?,pro,The scientific process is objective.
Is the Scientific Process Objective?,pro,"10
The scientific method promotes objectivity in scientific research."
Is the Scientific Process Objective?,unknown,"3
Science is based on facts, which are inherently objective (p. 1)."
Is the Scientific Process Objective?,unknown,"3
Because science arises from humans, who inherently hold subjective perspectives, it cannot be entirely objective."
Is the Scientific Process Objective?,pro,"3
Science is subject to institutional and social forces that compromise its objectivity (p. 1)."
Is OKC police officer Daniel Holtzclaw REALLY guilty of the crimes he was convicted of?,con,Daniel Holtzclaw is guilty of the crimes he was convicted for.
Is OKC police officer Daniel Holtzclaw REALLY guilty of the crimes he was convicted of?,pro,There was substantial evidence to prove that Holtzclaw was guilty of the crimes.
Is OKC police officer Daniel Holtzclaw REALLY guilty of the crimes he was convicted of?,unknown,"1
Holtzclaw did not take the stand or testify in his defense at trial. This implies he was or felt guilty."
Is OKC police officer Daniel Holtzclaw REALLY guilty of the crimes he was convicted of?,pro,"Investigative techniques used by Oklahoma City police detectives were questionable, biased and/or unprofessional."
Is OKC police officer Daniel Holtzclaw REALLY guilty of the crimes he was convicted of?,unknown,Holtzclaw has maintained that he is innocent.
Is OKC police officer Daniel Holtzclaw REALLY guilty of the crimes he was convicted of?,unknown,Daniel Holtzclaw has no history of criminal behavior or sexual deviancy that would support the claim that he is a serial sexual predator.
Is global overpopulation a myth?,unknown,"23
Global overpopulation is a myth."
Is global overpopulation a myth?,unknown,"15
There is no global overpopulation—the population is simply unevenly distributed across the planet."
Is global overpopulation a myth?,con,"8
There are possible solutions that would allow society to live sustainably without suffering the consequences of a large population."
Is global overpopulation a myth?,con,"35
Concerns about overpopulation have been greatly exaggerated, as predictions regarding the global population vary and may be unreliable."
Is global overpopulation a myth?,unknown,"18
The natural environment is undergoing a severe collapse due to human activity."
Is global overpopulation a myth?,pro,"29
The Earth's resources are finite and poorly distributed; sustaining the human population at its current growth rate is improbable."
Should higher education be publicly funded?,unknown,"29
Higher education should be publicly funded."
Should higher education be publicly funded?,con,"5
Publicly funded higher education would lead to a more well-educated population, which has social and economic benefits."
Should higher education be publicly funded?,unknown,"2
Publicly funded schooling would give equal access to education and makes for a more fair and equal society."
Should higher education be publicly funded?,unknown,"2
Higher education is increasingly necessary to find a job. As a necessity, it should be publicly funded."
Should higher education be publicly funded?,unknown,"1
Publicly funded education is less efficient and less effective that privately funded education."
Should higher education be publicly funded?,unknown,"3
Tax payers should not have to pay for someone else to go to school."
Should higher education be publicly funded?,unknown,"Free love has social benefits and it is free, no need for public funding."
Should higher education be publicly funded?,unknown,Just because low education levels have failed their education goals does not mean that kicking the can further down the road will help our children to learn what they need to.
Should higher education be publicly funded?,unknown,"Individuals are responsible for their education, no one else."
Should higher education be publicly funded?,unknown,"4
Publicly funded education at any level on creates a monopoly so that cost benefit analysis can't be done. So we wont know we have been shafted until it is too late."
Should Florida Pass HB 1 (Social Media Use for Minors)?,con,"This mandates third-party age verification for minors on social media, bans all accounts for minors younger than 16, and requires platforms to disclose content and data policies, with penalties for non-compliance."
Should Florida Pass HB 1 (Social Media Use for Minors)?,con,"For many children, bullying ends when the school day ends. Social media can allow bullying to continue 24/7 which could have a significant impact on the mental health and safety of the child/minor."
Should Florida Pass HB 1 (Social Media Use for Minors)?,unknown,Requires resources and reporting mechanisms for harmful behaviors.
Should Florida Pass HB 1 (Social Media Use for Minors)?,pro,"Social media has been proven in growing research to be significantly sticky for its behaviorally addicting mechanisms. This mandate reduces the use of social media among minors, thereby protecting them from engaging in negatively reinforcing addicting behaviors."
Should Florida Pass HB 1 (Social Media Use for Minors)?,unknown,Allows for civil penalties and legal action against non-compliant platforms.
Should Florida Pass HB 1 (Social Media Use for Minors)?,con,Mandates transparent policies on content and data usage.
Should Florida Pass HB 1 (Social Media Use for Minors)?,pro,"Prohibits account creation by under-16s, reducing exposure to harmful content."
Should Florida Pass HB 1 (Social Media Use for Minors)?,pro,"1
Enhances age verification to protect minors."
Should Florida Pass HB 1 (Social Media Use for Minors)?,unknown,"Pushes minors to spend more time doing things besides social media. Since social media is the major driver of smartphone hourly usage, this would lower their overall screen time and allow for them to spend time outside or engaging in irrefutably more beneficial activities."
Should Florida Pass HB 1 (Social Media Use for Minors)?,unknown,Always good to reduce screen time
Should Florida Pass HB 1 (Social Media Use for Minors)?,unknown,we have to be more carefull to our future generations
Should Florida Pass HB 1 (Social Media Use for Minors)?,pro,"When something disappears from people's lives, they tend to seek alternatives, which in this case are likely to be riskier and less moderated platforms or behaviors.
Click to see the pros and cons below this claim."
Should Florida Pass HB 1 (Social Media Use for Minors)?,unknown,"The potential for data exploitation is too great. Almost all of these policies try and enforce the use of a state ID online to verify age, but this opens up these young people to data breaches, targeted advertising, and identity theft."
Should Florida Pass HB 1 (Social Media Use for Minors)?,unknown,Enforcement could be challenged by interstate commerce and jurisdictional issues.
Should Florida Pass HB 1 (Social Media Use for Minors)?,con,Might lead to privacy concerns over third-party involvement in age verification.
Should Florida Pass HB 1 (Social Media Use for Minors)?,unknown,"Lessens the ability minors have to find and communicate with friends, peers, and find community."
Should Florida Pass HB 1 (Social Media Use for Minors)?,pro,"Infringement on Privacy and Autonomy: The bill proposes extensive parental control and monitoring, potentially infringing on minors' privacy and autonomy. Adolescents need to develop their own digital identities and learn to manage their online presence. Excessive oversight could undermine their ability to navigate and understand the digital world independently."
Should Florida Pass HB 1 (Social Media Use for Minors)?,unknown,Potential for decreased user base for social media platforms.
Should Florida Pass HB 1 (Social Media Use for Minors)?,unknown,Could result in over-censorship or limit freedom of expression.
Should Florida Pass HB 1 (Social Media Use for Minors)?,pro,"‘Age’ is a policy standard that has proven to be quite ineffective ever since adopted. Early teens commit incredible crimes even without much access to the internet, and early teens also get more knowledgeable with/without much access to the internet. Age shouldn't be a metric."
Should Florida Pass HB 1 (Social Media Use for Minors)?,unknown,"Since the most harmful mechanisms of social media are mostly kept unsolved, passing HB 1 will not be efficient while the mandates require strict regulations that can be abused."
Should Florida Pass HB 1 (Social Media Use for Minors)?,unknown,May increase operational costs for social media companies.
Should LGBTQ+ Conversion Therapy Be Banned?,con,"18
LGBTQ+ conversion therapy should be banned."
Should LGBTQ+ Conversion Therapy Be Banned?,con,"4
Conversion therapy can be very harmful to those who experience it."
Should LGBTQ+ Conversion Therapy Be Banned?,con,"4
Keeping conversion therapy legal enables the exploitation and marginalisation of sexual minorities."
Should LGBTQ+ Conversion Therapy Be Banned?,unknown,Group therapy creates social pressure and tends to suppress an individual rather than helping them to open up. Adding religious pressure to it creates a very traumatizing mix.
Should LGBTQ+ Conversion Therapy Be Banned?,con,Conversion therapy can be a fulfilling experience for those who undergo it.
Should LGBTQ+ Conversion Therapy Be Banned?,con,"4
Banning conversion therapy would violate the religious freedoms of people."
Should LGBTQ+ Conversion Therapy Be Banned?,con,"6
Without conversion therapy, many conservative communities may permanently exclude LGBTQ+ people."
Should Society Normalise Men Wearing Dresses/Skirts?,unknown,"11
Society should normalise men wearing dresses/skirts."
Should Society Normalise Men Wearing Dresses/Skirts?,pro,Normalising men wearing dresses/skirts would promote gender equality.
Should Society Normalise Men Wearing Dresses/Skirts?,con,"10
People ought to be free to wear what they want without being subjected to negative social consequences."
Should Society Normalise Men Wearing Dresses/Skirts?,unknown,"3
The motivation for normalising men wearing skirts/dresses is rooted in political beliefs, which are not a valid reason for changing fashion."
Should Society Normalise Men Wearing Dresses/Skirts?,unknown,"1
Men wearing dresses/skirts opposes many important cultural and religious traditions."
Should the age of consent be lowered to fourteen?,con,"4
The age of consent should be lowered to 14."
Should the age of consent be lowered to fourteen?,con,"2
A lower age of consent will more accurately reflect the reality of when teenagers become sexually active."
Should the age of consent be lowered to fourteen?,con,Lowering the age of consent would help de-stigmatize youth sexuality.
Should the age of consent be lowered to fourteen?,con,"2
There is a historical precedent and cultural support for a lower age of consent."
Should the age of consent be lowered to fourteen?,con,Lowering the age of consent would make children more vulnerable to abuse and exploitation.
Should the age of consent be lowered to fourteen?,con,"3
Lowering the age of consent could increase the spread of STIs."
Should the age of consent be lowered to fourteen?,con,Lowering the age of consent could increase the amount of unwanted teenage pregnancies.
Is the state necessary and beneficial to society?,unknown,"2
The state is necessary and beneficial to society."
Is the state necessary and beneficial to society?,unknown,There are no practical alternatives to states.
Is the state necessary and beneficial to society?,pro,The state provides critical benefits to its citizens.
Is the state necessary and beneficial to society?,con,"The state is inherently an instrument of domination and repression, no matter who is in control of it."
Is the state necessary and beneficial to society?,unknown,States and their institutions are less efficient than private endeavors.
"Is ""The Last Jedi"" one of the weakest Star Wars movies so far?",unknown,"1
""The Last Jedi"" is one of the weakest Star Wars movies so far."
"Is ""The Last Jedi"" one of the weakest Star Wars movies so far?",unknown,"16
The Last Jedi has numerous issues with its plot."
"Is ""The Last Jedi"" one of the weakest Star Wars movies so far?",unknown,The Last Jedi suffers from how it utilizes humor.
"Is ""The Last Jedi"" one of the weakest Star Wars movies so far?",unknown,"9
Story-lines and characters set up in previous films were not treated with much respect."
"Is ""The Last Jedi"" one of the weakest Star Wars movies so far?",unknown,"5
The movie goes too far in avoiding a heroic theme and is unfun."
"Is ""The Last Jedi"" one of the weakest Star Wars movies so far?",pro,"The progressive cultural themes (and adult level of drama) used to be secondary to a mythology/fairytale for the whole family, but The Last Jedi just threw away that fairytale heart."
"Is ""The Last Jedi"" one of the weakest Star Wars movies so far?",unknown,"7
The vastly increased cast of characters, and the need to give each of them an arc, lead to numerous subplots that bloated the film's runtime and had little effect on the plot."
"Is ""The Last Jedi"" one of the weakest Star Wars movies so far?",unknown,"1
The new trilogy's biggest strength is the chemistry between the new cast of characters, and The Last Jedi takes them all away from each other for effectively the entire very long film."
"Is ""The Last Jedi"" one of the weakest Star Wars movies so far?",unknown,"4
There is not even one real lightsaber fight in the movie."
"Is ""The Last Jedi"" one of the weakest Star Wars movies so far?",unknown,"2
The movie sets up and launches the Star Wars series beyond what was established in the original and prequel trilogies in terms of its narratives, themes, and plot."
"Is ""The Last Jedi"" one of the weakest Star Wars movies so far?",con,"22
The reception of The Last Jedi suggests that, although the movie is controversial, many fans and critics liked it."
"Is ""The Last Jedi"" one of the weakest Star Wars movies so far?",unknown,"5
The movie delves much deeper into the philosophical side of the Force than the rest of the Star Wars movies."
"Is ""The Last Jedi"" one of the weakest Star Wars movies so far?",unknown,"2
It has the best cinematography any Star Wars film ever had."
"Is ""The Last Jedi"" one of the weakest Star Wars movies so far?",pro,"14
Many of the protagonists have well-written arcs and undergo interesting transformations, and the overall cast of characters is colorful."
"Is ""The Last Jedi"" one of the weakest Star Wars movies so far?",unknown,"10
The movie stayed truthful to some ideas of the original trilogy which were lost in the prequel trilogy."
"Is ""The Last Jedi"" one of the weakest Star Wars movies so far?",unknown,"7
The movie is fast-paced, unpredictable and delightful to watch."
"Is ""The Last Jedi"" one of the weakest Star Wars movies so far?",unknown,"9
It's the most feminist Star Wars film made so far in that women can exist in the story with their own agenda and not merely because they are a princess or love interest."
Is it ethically preferable to save a child over an adult?,unknown,"19
It is more ethical to save a child over an adult."
Is it ethically preferable to save a child over an adult?,unknown,"2
The more ethical action is the choice that maximizes the amount of life saved."
Is it ethically preferable to save a child over an adult?,unknown,"2
If the adult lives, both the surviving adult and the person that made the choice to save the adult would live with the guilt over the death of the child."
Is it ethically preferable to save a child over an adult?,unknown,"6
The death of an adult has a larger social impact than when a child dies."
Is it ethically preferable to save a child over an adult?,unknown,"9
The death of an adult has a larger financial impact than when a child dies."
Is it ethically preferable to save a child over an adult?,unknown,"27
Adults have a more strongly defined personality. Only with a developed personality is there elements of individuality that are worth preserving."
Is Classic World of Warcraft better than Retail WoW?,unknown,"15
World of Warcraft Classic is better than WoW Retail."
Is Classic World of Warcraft better than Retail WoW?,unknown,WoW Classic has a much deeper player immersion.
Is Classic World of Warcraft better than Retail WoW?,unknown,Accomplishments in WoW Classic were significantly more meaningful than in Retail WoW.
Is Classic World of Warcraft better than Retail WoW?,unknown,"Playing WoW Classic was riskier, thus it felt like your decisions mattered much more."
Is Classic World of Warcraft better than Retail WoW?,unknown,WoW Classic requires more social interactions to successfully play the game.
Is Classic World of Warcraft better than Retail WoW?,unknown,"8
WoW Classic has a large and loyal following, who are highly enthusiastic about the 15 year old game."
Is Classic World of Warcraft better than Retail WoW?,unknown,"In critiquing both versions as what they claim to be, MMORPGs, Classic functions as a better realization of what an RPG game is."
Is Classic World of Warcraft better than Retail WoW?,unknown,WoW Classic has a more meaningful and engaging storyline.
Is Classic World of Warcraft better than Retail WoW?,unknown,WoW Retail's dungeons playing and raiding experience is better than Classic's.
Is Classic World of Warcraft better than Retail WoW?,unknown,"WoW Retail is better suited for new, inexperienced, older and casual gamers."
Is Classic World of Warcraft better than Retail WoW?,unknown,"1
Retail has integrated players' feedback and thus made the game better."
Is Classic World of Warcraft better than Retail WoW?,con,WoW Classic is very time-consuming and tedious to play.
Is Classic World of Warcraft better than Retail WoW?,unknown,WoW Retail has better graphics.
Is Classic World of Warcraft better than Retail WoW?,unknown,WoW Retail offers a player more things to do while playing the game.
Is Classic World of Warcraft better than Retail WoW?,unknown,WoW Retail's PVP experience is better than Classic's.
Is Classic World of Warcraft better than Retail WoW?,unknown,WoW Classic was created during a time where instant gratification and competition for people's attention was less fierce. WoW Retail has been designed to better compete with modern game designs and is thus better equipped to compete in the cutthroat battle for people's attention.
Is Classic World of Warcraft better than Retail WoW?,con,"3
WoW Classic's character customization abilities are much worse than Retail's.
 Unsupported
Needs con claims."
Should cosmetic surgery be banned?,unknown,"9
Cosmetic surgery should be banned."
Should cosmetic surgery be banned?,unknown,The risks involved in having cosmetic surgery are not worth the rewards.
Should cosmetic surgery be banned?,pro,Allowing cosmetic surgery sends problematic messages about the need to change and improve one's appearance to meet societal expectations.
Should cosmetic surgery be banned?,con,"17
People cannot consent to cosmetic surgery, as it does not meet the legal standard of informed consent."
Should cosmetic surgery be banned?,unknown,"8
People have a right to bodily autonomy so they can make their own choices about their body, including cosmetic surgery."
Should cosmetic surgery be banned?,pro,Banning cosmetic surgery would harm the progress and provision of non-cosmetic surgical procedures.
Should cosmetic surgery be banned?,con,"3
Cosmetic surgery is beneficial for the economy."
Should Turkey be part of the European Union?,unknown,Turkey should become a member of the European Union.
Should Turkey be part of the European Union?,con,"There are many Turks already living and working in the European Union, contributing to it economically and culturally."
Should Turkey be part of the European Union?,unknown,"Turkey and the EU are important strategic allies geopolitically, both in need of each other."
Should Turkey be part of the European Union?,con,"Historically, Turkey and its predecessor states were always part of Europe culturally, politically and economically."
Should Turkey be part of the European Union?,unknown,"6
Turkey joining would benefit the EU."
Should Turkey be part of the European Union?,unknown,"3
Turkey is already a member of many international organisations that other EU member states are also part of."
Should Turkey be part of the European Union?,unknown,"10
Turkey does not meet EU standards and expectations for membership."
Should Turkey be part of the European Union?,unknown,"5
Much of the EU and its citizens do not currently want Turkey to join the union."
Should Turkey be part of the European Union?,pro,The European Union should focus on its numerous internal problems before considering any further expansion.
Should Turkey be part of the European Union?,unknown,"2
The religious and cultural identity of Turkey is different from that of all current members of the EU."
Should Turkey be part of the European Union?,con,Turkey is a large and populous economy. If it joined the EU there would be huge disruption to the political and economic status quo of the EU.
Should Turkey be part of the European Union?,unknown,"5
Geographically, Turkey is not part of the European region."
Should Turkey be part of the European Union?,pro,Turkey is already engaging what could be described as inappropriately blackmailing countries like Sweden and Finland regarding NATO membership. Such problems could be more severe if it was an EU member as well.
Is school bad for your mental health?,unknown,"5
School is bad for your mental health."
Is school bad for your mental health?,con,"6
Schools expect and encourage conformity, which can be limiting and harmful to mental health."
Is school bad for your mental health?,unknown,"4
School is not enjoyable for many students."
Is school bad for your mental health?,unknown,"14
Schools create and exacerbate inequalities between students."
Is school bad for your mental health?,pro,"11
The education provided by schools equips students with skills and knowledge that set them up for better mental health in adult life."
Is school bad for your mental health?,con,"5
Schools often play a vital role in both identifying and mitigating child safeguarding concerns, which could otherwise have a disastrous effect on a child's mental health."
Is school bad for your mental health?,unknown,"9
The causes of poor mental health are unrelated to schools."
"Should we believe that God exists, even if we're not sure it's true?",unknown,"21
One should believe that God exists, even if they are not sure it's true."
"Should we believe that God exists, even if we're not sure it's true?",unknown,"3
Human beings are more likely to live moral lives if they believe in God."
"Should we believe that God exists, even if we're not sure it's true?",unknown,"15
Believing in God has certain benefits in the physical world and potential benefits in the afterlife, if it perchance exists."
"Should we believe that God exists, even if we're not sure it's true?",unknown,"19
The multiplicity of gods and faiths makes believing in one to escape damnation a lottery with chances similar to pursuing no faith."
"Should we believe that God exists, even if we're not sure it's true?",unknown,It is wrong to choose to believe in something as significant as religion without sufficient empirical evidence.
Is it Time for Hungary and the EU to Part Ways?,unknown,Hungary should leave the European Union.
Is it Time for Hungary and the EU to Part Ways?,con,Hungary has consistently been at odds with the EU.
Is it Time for Hungary and the EU to Part Ways?,con,"7
Hungary would be better off economically outside the Single Market."
Is it Time for Hungary and the EU to Part Ways?,unknown,"1
Hungarian values are distinct from European or global values. Hungary should defend them against the globalisation agenda of the EU and others."
Is it Time for Hungary and the EU to Part Ways?,pro,"1
Without restrictions from the EU, Hungary would be free to address pressing political, social and economic problems better."
Is it Time for Hungary and the EU to Part Ways?,unknown,"5
All European countries should be part of a common European body, and right now that is called the European Union."
Is it Time for Hungary and the EU to Part Ways?,unknown,"6
Hungary will have significantly less influence in Europe if it leaves the EU, and as a result will be a weaker nation in the international community."
Is it Time for Hungary and the EU to Part Ways?,unknown,"Other countries may follow if Hungary leaves, setting a dangerous precedent that could lead to the dissolution of the EU."
Is it Time for Hungary and the EU to Part Ways?,unknown,Leaving the EU would accelerate the degradation of democracy.
Is it Time for Hungary and the EU to Part Ways?,pro,"3
Leaving the EU would result in Hungarian people losing their EU citizenship, which provides important benefits for everyone."
Is it Time for Hungary and the EU to Part Ways?,unknown,"6
The EU is a force for good in the world and is worth being a part of."
Is it Time for Hungary and the EU to Part Ways?,unknown,"4
Leaving the EU would push Hungary closer to Putin's Russia or to China."
Should governments fund liberal arts degrees?,unknown,"22
The government should not fund liberal arts degrees."
Should governments fund liberal arts degrees?,unknown,Demand for liberal arts degrees is falling over time.
Should governments fund liberal arts degrees?,unknown,"4
Government funding liberal arts degrees is regressive; it forces poorer people to pay for richer people's education."
Should governments fund liberal arts degrees?,pro,"27
Liberal arts graduates do not have good job prospects."
Should governments fund liberal arts degrees?,pro,"2
Government funding should only be used to produce graduates who can directly help society."
Should governments fund liberal arts degrees?,pro,"5
Liberal arts degrees provide skills that are needed in order to guide the careful development of powerful new technologies."
Should governments fund liberal arts degrees?,unknown,"In a democratic society, a basic grounding in liberal arts is necessary to be a good citizen."
Should governments fund liberal arts degrees?,unknown,Government funding for liberal arts degrees is needed if the liberal arts are to be accessible to the whole population.
Should governments fund liberal arts degrees?,unknown,Cutting funding to the liberal arts would hurt the entire university structure.
Is there a place for a uniform in today's education system?,unknown,"11
There is a place for a uniform in today's education system."
Is there a place for a uniform in today's education system?,unknown,Everyone is equal when they wear uniforms.
Is there a place for a uniform in today's education system?,unknown,"5
Uniforms advertise the school; when pupils wearing them behave well, it creates a positive association with the school which can have a number of benefits (p. 176-177)."
Is there a place for a uniform in today's education system?,con,"5
Uniforms kill creativity, dampening an essential part of the human condition."
Is there a place for a uniform in today's education system?,unknown,"3
Requiring students to wear uniforms can create issues that are detrimental to, or distracting from, receiving a substantive education."
Should Euthanasia Be Legalised?,unknown,"4
Euthanasia should be legalised."
Should Euthanasia Be Legalised?,unknown,Legal euthanasia is better than alternatives for those seeking to end their lives.
Should Euthanasia Be Legalised?,unknown,Euthanasia can end unnecessary suffering.
Should Euthanasia Be Legalised?,unknown,"This is our life, therefore we should be able to decide when to end it."
Should Euthanasia Be Legalised?,unknown,Vulnerable people could be forced into euthanasia.
Should Euthanasia Be Legalised?,pro,"Medical professionals have a moral obligation to save a life if possible, and should never willfully end a life."
Should Euthanasia Be Legalised?,con,"3
Its legalization will contribute to a devaluation of life."
Is cultural appropriation wrong?,pro,"28
Cultural appropriation is wrong."
Is cultural appropriation wrong?,pro,"3
Minority cultures are often exploited by the majority for profit."
Is cultural appropriation wrong?,pro,"13
Cultural appropriation often negatively influences people's perceptions of minorities."
Is cultural appropriation wrong?,pro,"17
People belonging to the appropriated culture consider it wrong."
Is cultural appropriation wrong?,unknown,"5
Integrating different cultures is one of the main ways that cultures develop themselves."
Is cultural appropriation wrong?,unknown,Adopting parts of another culture can lead to a greater understanding and acceptance between cultures.
Is cultural appropriation wrong?,pro,"19
Telling people how they can look and behave violates their freedom to express themselves however they choose, provided they do no harm."
Should physical libraries be digitized?,unknown,"25
Libraries should stop having a physical presence and instead only exist digitally (i.e. online)."
Should physical libraries be digitized?,unknown,Digital libraries are more practical than physical libraries.
Should physical libraries be digitized?,unknown,Digital books are superior to physical books.
Should physical libraries be digitized?,unknown,Digital libraries reduce marginalized groups' access to information.
Should physical libraries be digitized?,unknown,Physical libraries offer several benefits to society.
Should the European Union intervene in the political conflict in Catalonia?,con,"1
The European Union should intervene in the political conflict in Catalonia."
Should the European Union intervene in the political conflict in Catalonia?,unknown,The EU must support democratic principles.
Should the European Union intervene in the political conflict in Catalonia?,unknown,The European Union must defend citizens and not member state governments.
Should the European Union intervene in the political conflict in Catalonia?,unknown,The EU's non-interventionist stance could fuel further Euroscepticism across Europe.
Should the European Union intervene in the political conflict in Catalonia?,unknown,The Catalan people deserve to be heard and acknowledged.
Should the European Union intervene in the political conflict in Catalonia?,pro,The European Union has a responsibility to promote cooperation and dispute resolution.
Should the European Union intervene in the political conflict in Catalonia?,pro,"3
Catalonia's autonomy must be protected to avoid similar repression by any member state government."
Should the European Union intervene in the political conflict in Catalonia?,con,Catalonia is a key contributor to the European economy. Europe must act to avoid instability in the region.
Should the European Union intervene in the political conflict in Catalonia?,unknown,A political intervention by the EU would be viewed as an imposition against the sovereignty of a member state.
Should the European Union intervene in the political conflict in Catalonia?,unknown,The European Union is not an impartial third-party.
Should the European Union intervene in the political conflict in Catalonia?,unknown,The EU lacks the means and legal authority to intervene in such matters.
Should the European Union intervene in the political conflict in Catalonia?,pro,It is against EU's interest to promote separatism.
Should the European Union intervene in the political conflict in Catalonia?,unknown,"4
The EU is too preoccupied by the Brexit talks to devote valuable attention to any form of mediation."
Should the European Union intervene in the political conflict in Catalonia?,pro,"Catalans (and the rest of Spain) are pro EU already, so it seems Catalans are happy with the current support the EU gives."
Should Israel Remain Democratic Even If that Would Ultimately Lead to it No Longer Being a Jewish State?,unknown,Israel should choose to be Jewish over being democratic.
Should Israel Remain Democratic Even If that Would Ultimately Lead to it No Longer Being a Jewish State?,unknown,"The state of Israel was created for Jews, and it is only right that the state remain Jewish."
Should Israel Remain Democratic Even If that Would Ultimately Lead to it No Longer Being a Jewish State?,unknown,"3
If the one-state solution is implemented, remaining democratic will make Jews a minority in Israel to the detriment of their welfare."
Should Israel Remain Democratic Even If that Would Ultimately Lead to it No Longer Being a Jewish State?,unknown,"6
Israel must remain a Jewish state in order to preserve Jewish culture."
Should Israel Remain Democratic Even If that Would Ultimately Lead to it No Longer Being a Jewish State?,pro,"3
Israel must choose to reject democracy in order to protect its Jewish population."
Should Israel Remain Democratic Even If that Would Ultimately Lead to it No Longer Being a Jewish State?,unknown,"9
It is emphasised in the Declaration of Independence that Israel was envisioned to be a democratic state by its founders."
Should Israel Remain Democratic Even If that Would Ultimately Lead to it No Longer Being a Jewish State?,pro,"9
Israel must remain democratic to protect its minorities, especially the Arab Israeli minority."
Should Israel Remain Democratic Even If that Would Ultimately Lead to it No Longer Being a Jewish State?,unknown,Forsaking its status as the only true democracy in the Middle East will alienate Israel from its allies.
Should Israel Remain Democratic Even If that Would Ultimately Lead to it No Longer Being a Jewish State?,pro,Israel choosing to be Jewish would destroy the Palestinian peace process.
Should Israel Remain Democratic Even If that Would Ultimately Lead to it No Longer Being a Jewish State?,unknown,Israel can be both Jewish and democratic at the same time.
Should Judges be Elected or Appointed?,unknown,"1
Judges should be appointed rather than elected."
Should Judges be Elected or Appointed?,unknown,"7
Judges who are appointed are more likely to be highly qualified than elected judges."
Should Judges be Elected or Appointed?,unknown,"8
Appointments are a more efficient mechanism for selecting judges than elections."
Should Judges be Elected or Appointed?,unknown,"2
Appointment based systems do a better job than electoral systems of keeping the judiciary from being politicized."
Should Judges be Elected or Appointed?,unknown,"5
Elections ensure that judges are accountable to the people."
Should Judges be Elected or Appointed?,unknown,Elections ensure the independence of the judiciary.
Should Judges be Elected or Appointed?,unknown,"3
People in a democracy have a right to elect their own judges."
Should Cinco de Mayo be celebrated in the US?,unknown,"5
Cinco de Mayo should not be celebrated in the US."
Should Cinco de Mayo be celebrated in the US?,unknown,"Cinco de Mayo, as it is celebrated in the US, perpetuates negative Mexican stereotypes."
Should Cinco de Mayo be celebrated in the US?,con,The continued celebration of this holiday distorts Mexican history.
Should Cinco de Mayo be celebrated in the US?,pro,"7
Many businesses in America use Cinco de Mayo as a way to profit off of Mexican culture."
Should Cinco de Mayo be celebrated in the US?,unknown,Cinco de Mayo allows Mexican-Americans to celebrate their culture.
Should Cinco de Mayo be celebrated in the US?,unknown,Cinco de Mayo adds to the multicultural tapestry of the US.
Should North African countries be allowed to be part of the EU?,unknown,North African countries should be allowed to be part of the EU.
Should North African countries be allowed to be part of the EU?,unknown,Mediterranean culture is part of European culture.
Should North African countries be allowed to be part of the EU?,con,Areas outside of what is traditionally considered Europe have been allowed to join the EU before.
Should North African countries be allowed to be part of the EU?,unknown,Any country that is willing and able to follow the EU's rules should be allowed to be part of the EU.
Should North African countries be allowed to be part of the EU?,unknown,"3
The real border between Europe and Africa is the Sahara Desert."
Should North African countries be allowed to be part of the EU?,unknown,Allowing North African countries to be a part of the EU will create more trading opportunities for member states.
Should North African countries be allowed to be part of the EU?,unknown,There is no reason why EU should look at North Africa for its enlargement.
Should North African countries be allowed to be part of the EU?,unknown,"1
It is impossible to take in all Northern African nations, as many of them would negate access one another due to their disputes."
Should North African countries be allowed to be part of the EU?,pro,"1
There are already many North Africans moving into Europe. EU could lose control over the migration process with open borders."
Should North African countries be allowed to be part of the EU?,con,"3
The modus operandi in which Northern African countries rule their economy, government, and society would just not work or fit in the European way."
Should Law and Morality be Related?,unknown,"5
The law should always be based on morality."
Should Law and Morality be Related?,con,"16
The law and morality are inherently connected."
Should Law and Morality be Related?,unknown,"1
There is no point in immoral laws."
Should Law and Morality be Related?,unknown,"1
Supporters of natural law see law and morals as interlinked. A valid law would be one based on morality as it comes from a higher source - God or nature."
Should Law and Morality be Related?,con,No law could encompass every moral consideration or personal code of ethics.
Should Law and Morality be Related?,pro,The law should prohibit conduct which is considered to harm the greater good of society - regardless of whether the conduct is moral or not.
Should Law and Morality be Related?,unknown,"2
Supporters of positivism see the law and morality as separate. The validity of a law should not depend on whether it is good or bad. If it has been made correctly, it should be followed."
Should Law and Morality be Related?,con,"8
The law has no inherent relationship with metaphysical concepts (e.g., morality, truth or justice)."
Should we Have a 100% Inheritance Tax?,unknown,"10
There should be a 100% inheritance tax on all inherited wealth above 1 million Euros."
Should we Have a 100% Inheritance Tax?,unknown,A 100% inheritance tax above 1 million euros would make society more meritocratic and better ensure equality of opportunity.
Should we Have a 100% Inheritance Tax?,unknown,"2
A 100% inheritance tax will help reduce inequality in society."
Should we Have a 100% Inheritance Tax?,con,A 100% inheritance tax on inherited wealth above €1 million would be beneficial from a macroeconomic perspective.
Should we Have a 100% Inheritance Tax?,unknown,A 100% inheritance tax on wealth above 1 million euros will result in wealth and businesses not being passed on to family members.
Should we Have a 100% Inheritance Tax?,pro,"7
A 100% inheritance tax on all inherited wealth above 1 million euros undermines property rights."
Should we Have a 100% Inheritance Tax?,unknown,"3
The wealthy will find a way to annex their wealth from themselves to then give it to their benefactors."
Should we abolish political parties in the USA?,unknown,"5
There should be no political parties in the USA."
Should we abolish political parties in the USA?,unknown,"9
Politics would be more representative without political parties."
Should we abolish political parties in the USA?,unknown,"4
Party needs are selfish and thus do not benefit society."
Should we abolish political parties in the USA?,unknown,"1
Political parties cause partisanship within politics."
Should we abolish political parties in the USA?,unknown,"17
The Founding Fathers did not originally intend for American politics to be made up of political parties."
Should we abolish political parties in the USA?,unknown,"3
There should not be political parties, instead, we should have a direct democracy of some form."
Should we abolish political parties in the USA?,unknown,"15
Altering the current two party system is more beneficial than eliminating political parties altogether."
Should we abolish political parties in the USA?,unknown,Banning political parties would be ineffective.
Should we abolish political parties in the USA?,unknown,"3
Banning political parties means that people with multiple perspectives will not be able to run the country in their own groups."
Should we abolish political parties in the USA?,unknown,"9
It's not up to government to decide what political parties there can be."
Should we abolish political parties in the USA?,unknown,"18
Abolishing the two-party system would require a law to be created in order to enforce that policy."
Should we abolish political parties in the USA?,pro,"2
We don't need to end political parties in the USA, but really getting other parties supported and into offices. By doing so, we could get a system where compromise will actually happen for the betterment of all of the people of the country."
Should we abolish political parties in the USA?,pro,"1
Our problems are the hidden party that government serves today. It serves the capitalists and the oligarchs. In that, both parties are united. If government is to serve all of the people, there needs to be less differences between the classes."
Should we abolish political parties in the USA?,unknown,"4
Banning political parties is one of the key tools of Macchiavellian dictators"
Should begging for money be illegal?,unknown,"4
Begging for money should be illegal."
Should begging for money be illegal?,unknown,Begging can be exploitative.
Should begging for money be illegal?,unknown,"1
Begging on sidewalks and streets can pose safety issues."
Should begging for money be illegal?,unknown,"3
Banning begging would encourage beggars to find sustainable work."
Should begging for money be illegal?,pro,"3
Enforcing a ban against begging is likely to provoke cruelty."
Should begging for money be illegal?,unknown,It would be unjust for a government to ban begging.
Should begging for money be illegal?,unknown,Banning begging would fail to reduce overall levels of poverty.
Should the Oxford-AstraZeneca Vaccine Rollout Have Been Universally Suspended?,unknown,"3
The Oxford-AstraZeneca vaccine rollout should have been universally suspended."
Should the Oxford-AstraZeneca Vaccine Rollout Have Been Universally Suspended?,pro,"3
Significant, undocumented vaccination side-effects for COVID-19 erodes the public trust in vaccination programmes entirely; better to temporarily suspend than lose public trust."
Should the Oxford-AstraZeneca Vaccine Rollout Have Been Universally Suspended?,pro,"It is unethical to promote any healthcare intervention that has not been rigorously tested, as it undermines the patient's right to informed consent."
Should the Oxford-AstraZeneca Vaccine Rollout Have Been Universally Suspended?,unknown,"Countries like the UK had political reasons to race ahead in vaccination rollout, regardless of the risk."
Should the Oxford-AstraZeneca Vaccine Rollout Have Been Universally Suspended?,pro,"Without a burden of proof, vaccine rollout should not be suspended. Correlation does not imply causation."
Should the Oxford-AstraZeneca Vaccine Rollout Have Been Universally Suspended?,unknown,The risk of side effects is outweighed by the importance of mass vaccination for COVID-19.
Should the Oxford-AstraZeneca Vaccine Rollout Have Been Universally Suspended?,unknown,"The risk of serious side effects were, and are, negligible."
Is Cancel Culture Beneficial to Society?,unknown,"7
Cancel culture is beneficial to society."
Is Cancel Culture Beneficial to Society?,pro,Cancel culture fosters awareness and promotes positive values.
Is Cancel Culture Beneficial to Society?,unknown,Cancel culture supports social justice and accountability.
Is Cancel Culture Beneficial to Society?,unknown,Cancel culture is ineffective since it only focuses on individual actions and words rather than on addressing systemic issues.
Is Cancel Culture Beneficial to Society?,unknown,"Cancel culture encourages bullying, mob mentality, and online shaming."
Is the European Union the greatest political peace accomplishment in modern History?,unknown,"7
The European Union is the greatest peace accomplishment in political history."
Is the European Union the greatest political peace accomplishment in modern History?,unknown,"3
The inner values of European Union are defined in the Charter of fundamental rights: dignity, freedoms, equality, etc."
Is the European Union the greatest political peace accomplishment in modern History?,unknown,"1
European Union paved way for the longest period of time with peace for modern Europe."
Is the European Union the greatest political peace accomplishment in modern History?,unknown,"6
The EU is a model for world peace, which has been replicated by other countries."
Is the European Union the greatest political peace accomplishment in modern History?,unknown,"9
The history of humanity seems to generally go in the direction of more openness and information about other leads to greater cooperation and peace. By adopting those strategies, the EU has been successful and has brought success to a part of the world."
Is the European Union the greatest political peace accomplishment in modern History?,unknown,"7
To date, we don't know other political structures that permits lasting peace between states as well as the EU does, given the cultural diversity and violent history between member states."
Is the European Union the greatest political peace accomplishment in modern History?,unknown,The EU has been unable to prevent wars.
Is the European Union the greatest political peace accomplishment in modern History?,unknown,"3
EU takes credit for the accomplishments of NATO."
Is the European Union the greatest political peace accomplishment in modern History?,con,"3
The economic & political construction of the EU still allows inequalities and social struggles inside its borders, which leads to non-physical violence."
Is the European Union the greatest political peace accomplishment in modern History?,con,"1
What I think as european cititzen is that EU is an oligarchy where Germany and France can make economic war againt other european states as seen in the Greek crisis (Greece was and still is a broken state)"
Is the European Union the greatest political peace accomplishment in modern History?,unknown,"12
The geopolitical balance of power creates the peace in Europe; not the EU institution."
Is the European Union the greatest political peace accomplishment in modern History?,unknown,"2
Some EU countries still encounter a lot of violence inside their borders : terrorism, repression, armed groups, etc."
Is the European Union the greatest political peace accomplishment in modern History?,unknown,"8
Russia puts this peace at risk with its actions on Ukraine territory."
Should the United States have more than two major political parties?,unknown,"7
The American political system should have more than two major political parties."
Should the United States have more than two major political parties?,unknown,"2
A multi-party system would be more democratic."
Should the United States have more than two major political parties?,unknown,Having more political parties would help reduce polarization.
Should the United States have more than two major political parties?,con,"7
More parties would prevent either legislative chamber from being fully controlled by a single party."
Should the United States have more than two major political parties?,unknown,"6
Multi-party systems result in coalitions, and coalition governments aren't stable."
Should the United States have more than two major political parties?,pro,Multi-party systems produce coalition governments; these are less efficient in their decision-making.
Should the United States have more than two major political parties?,unknown,"3
It would be incredibly difficult to introduce a system that doesn't favor two political parties."
Should conscientious objection to abortion be banned?,con,"1
Conscientious objection to abortion should be banned"
Should conscientious objection to abortion be banned?,pro,Personal beliefs have no place in the medical profession.
Should conscientious objection to abortion be banned?,con,"11
Conscientious objection endangers the lives and health of women."
Should conscientious objection to abortion be banned?,con,Conscientious objection is discriminatory and undermines women's rights.
Should conscientious objection to abortion be banned?,unknown,"14
Refusing to perform an abortion is unethical."
Should conscientious objection to abortion be banned?,con,"5
Legalizing conscientious objection undermines the rule of law."
Should conscientious objection to abortion be banned?,con,"11
Laws permitting conscientious objection are discriminatory in favour of Christianity and against other religions."
Should conscientious objection to abortion be banned?,unknown,"2
The state cannot legitimately force doctors to perform an abortion."
Should conscientious objection to abortion be banned?,pro,"12
Performing abortions is only one element of medicine. People should be able to choose to specialise without being forced to perform this particular procedure."
Should conscientious objection to abortion be banned?,con,"7
Banning conscientious objection would violate medical staff's freedom of religion."
Should conscientious objection to abortion be banned?,pro,"2
Such a policy would be counterproductive and hurt the women it aims to protect."
Should conscientious objection to abortion be banned?,pro,Abortion is unethical and it is perfectly legitimate for medical staff to refuse to perform an unethical medical procedure.
Is capitalism good?,unknown,"6
Capitalism is good."
Is capitalism good?,pro,"12
Capitalism incentivizes productivity among workers."
Is capitalism good?,pro,"10
Capitalism has enabled unprecedented improvements in living standards."
Is capitalism good?,unknown,"5
Capitalism allows freedom of choice."
Is capitalism good?,unknown,Capitalism creates competition.
Is capitalism good?,pro,"9
Capitalism promotes unregulated market forces which leads to more efficient production, compared to regulated or planned economies."
Is capitalism good?,pro,"14
Capitalism promotes meritocracy, which is a beneficial outcome."
Is capitalism good?,pro,"9
Capitalism promotes equality."
Is capitalism good?,pro,"11
Capitalism explicitly prioritizes profits over the wellbeing of others, as the wellbeing of others can be incompatible with maximizing profits. Hence, capitalism will inevitably come at the expense of human wellbeing, which is unethical."
Is capitalism good?,unknown,"8
Capitalism encourages greed."
Is capitalism good?,unknown,"3
Capitalism has a negative impact on science."
Is capitalism good?,unknown,"5
Capitalism is incompatible with democracy. (p. 172)"
Is capitalism good?,unknown,"1
Capitalism is unsustainable."
Is capitalism good?,pro,"15
Capitalism violates the human rights for social protection and an adequate standard of living, since the causes of poverty and hunger are tied to globalized capitalism."
Is capitalism good?,con,"11
Capitalism leads to imperialism, which has resulted in devastating consequences for countries."
Should it be okay to publicly approach strangers for sex?,pro,"93
It should be okay to publicly approach strangers for consensual sex."
Should it be okay to publicly approach strangers for sex?,unknown,"2
Publicly asking strangers for sex may lead to greater gender equality."
Should it be okay to publicly approach strangers for sex?,pro,"2
Approaching a stranger in public for consensual sex has a range of potential benefits."
Should it be okay to publicly approach strangers for sex?,pro,"38
Individuals are free to act as they wish, provided they do no harm."
Should it be okay to publicly approach strangers for sex?,pro,Approaching strangers for consensual sex in public may be harmful or dangerous.
Should it be okay to publicly approach strangers for sex?,unknown,"23
Sex outside of a committed relationship is wrong."
Should it be okay to publicly approach strangers for sex?,unknown,"3
In many cultures, outwardly asking a stranger for sex is frowned upon."
Is citizen science beneficial to science?,unknown,"47
Citizen science is beneficial to science."
Is citizen science beneficial to science?,unknown,"Citizen science generates public interest in science, which benefits both the field of science and humanity at large."
Is citizen science beneficial to science?,pro,Citizen science promotes scientific progress.
Is citizen science beneficial to science?,unknown,"The ethics of citizen science are questionable, which affects the integrity of the institution of science."
Is citizen science beneficial to science?,unknown,Citizen science can create an avenue for undermining and distrusting experts.
Is Hamlet Mad?,unknown,Hamlet Is Mad.
Is Hamlet Mad?,con,"7
Hamlet exhibits symptoms that are consistent with diagnosable mental disorders."
Is Hamlet Mad?,unknown,"2
Hamlet's behaviour and actions throughout the play indicate his evident madness."
Is Hamlet Mad?,con,"The degree to which Hamlet is portrayed or viewed as mad varies greatly depending on the broader social, political, and intellectual context in which it is appraised or performed."
Is Hamlet Mad?,unknown,The calculated and methodical nature of Hamlet’s revenge plot indicates that he is a wholly rational individual.
Should US internet platforms be able to remove or demote speech by elected public figures?,pro,"7
Internet platforms in the US should not prohibit or demote any speech by elected officials."
Should US internet platforms be able to remove or demote speech by elected public figures?,unknown,Internet platforms should not be involved in political censorship.
Should US internet platforms be able to remove or demote speech by elected public figures?,con,Elected public figures are trusted by the general populace - it is not the place of an internet platform to go against public consensus.
Should US internet platforms be able to remove or demote speech by elected public figures?,con,The removal or flagging of elected officials' speech constitutes a First Amendment violation.
Should US internet platforms be able to remove or demote speech by elected public figures?,unknown,"The act of being elected does not afford an individual undue privileges - if they break the terms of service of an internet platform, that platform has a right to remove that individual."
Should US internet platforms be able to remove or demote speech by elected public figures?,unknown,"5
Private companies have the right to remove or ban any users for any reason."
Should US internet platforms be able to remove or demote speech by elected public figures?,unknown,Elected public figures can be dangerous. Internet platforms have a responsibility to temper that danger.
Is Narendra Modi good for India?,unknown,"1
Narendra Modi has been good for India."
Is Narendra Modi good for India?,unknown,"6
PM Modi has been strengthening India as a global and regional power."
Is Narendra Modi good for India?,pro,"7
PM Modi has improved India's infrastructure."
Is Narendra Modi good for India?,con,"3
Under PM Modi's leadership, the Indian economy has flourished."
Is Narendra Modi good for India?,pro,"14
PM Modi has improved Indians' quality of life."
Is Narendra Modi good for India?,unknown,"19
Narendra Modi is turning India into an oligarchy and has increased corruption."
Is Narendra Modi good for India?,unknown,"3
PM Modi has divided India."
Is Narendra Modi good for India?,unknown,"4
PM Modi's government has harmed the environment."
Is AI art theft?,unknown,"7
Text-to-image AI generators (like Midjourney and Dall·E2) are built on models that were mostly trained on images on the Internet without the permission or compensation of the artist or their estates. The assertion in question: This is theft."
Is AI art theft?,pro,"1
Even if AI is not directly stealing from creators content, it steals from their presence and thus also potential clients.
Click to see the pros and cons below this claim."
Is AI art theft?,con,These services in particular are making bank from user subscriptions. Some of that should go to the artists who—willingly or unwillingly—contributed to the model.
Is AI art theft?,unknown,Images have been found that were very similar to AI-generated image. That is evidence that the images were stolen.
Is AI art theft?,pro,"If an artist’s name, unique title of a work, or other reference were used in a prompt, it is building directly on the artist’s work, and not compensating them."
Is AI art theft?,con,"3
Artists are not compensated for their contributions."
Is AI art theft?,con,"3
Many of these datasets use content that was not explicitly permitted to be used to train the AI."
Is AI art theft?,unknown,"1
Aspects of it are, if not theft, then certainly unethical. A machine that learns using uncredited and uncompensated artwork is essentially a tool being built from parts its owner didn't pay for."
Is AI art theft?,unknown,These services are taking work away from artists! It’s opportunity theft.
Is AI art theft?,con,"7
The term ‘theft’ can be misleadingly concrete in this assertion, which in turn can make it seem easy to dismiss. A thorough examination would dismiss a concrete interpretation in favor of an abstract one, in which the act must be examined ethically."
Is AI art theft?,unknown,"6
Training the AI is not that different from humans training themselves. The work is used as a reference to learn techniques, both broad and precise, to create their own works. Copying Mickey Mouse is infringing on copyright. Drawing a mouse in the Disney house style is still an original - if unimaginative - distinct creation."
Is AI art theft?,unknown,"""Theft"" is an inaccurate term for potential copyright infringement."
Is AI art theft?,unknown,"People are more influenced by the works they see than the AI models are. (The number of images a given human can see is orders of magnitude less than what the model has been trained on.) We don’t charge the students who study and even mimic other works, we should not hold companies to the same standard."
Is AI art theft?,pro,"“Theft” does a lot of heavy lifting as it implies not just the duplication of a product, but for the purpose of enjoying said product without having to pay the creator. A pirated movie is a potential lost sale. Training an AI does duplicate the product, but said product is effectively disassembled for parts so the AI can learn; inside the AI system, the work is no longer there, but is part of the amalgam of collected data."
Is AI art theft?,pro,"Art produced by AI is, thus far, derivative and deconstructed, both of which are protected and neither require any compensation on the part of the owners of the original work; e.g. Andy Warhol doesn’t owe Campbell’s anything just because he painted their soup can."
Is AI art theft?,pro,The operator of AI creation tools adds their own creativity by writing the prompt. This adds sufficiently 'new' things to the work to be considered original.
Is AI art theft?,unknown,"The outputs of any particular image can be checked for uniqueness, and rejected if too similar. So this is an implementation detail, and not a wholesale rejection of the premise."
Is AI art theft?,unknown,"1
AI gives people who had hard time being artists becoming artists. Not everyone has the time to become artists, AI gives more chances"
Should Trump be impeached and removed from office?,unknown,"63
Donald Trump should be impeached and removed from office."
Should Trump be impeached and removed from office?,con,"13
Allowing Trump's alleged misconduct to continue without consequences sets a dangerously poor precedent for future leaders of the country."
Should Trump be impeached and removed from office?,con,"16
Trump has tried to take actions that are unconstitutional. For this, he should be impeached."
Should Trump be impeached and removed from office?,unknown,"18
Trump should be impeached because he is mentally unfit to serve as President."
Should Trump be impeached and removed from office?,unknown,"5
Trump should be impeached on ethical and moral grounds, in part for harming the wellbeing of US citizens."
Should Trump be impeached and removed from office?,unknown,"2
Trump should be impeached on political grounds."
Should Trump be impeached and removed from office?,unknown,"2
Trump has been involved in actions that stand in violation of US federal law."
Should Trump be impeached and removed from office?,unknown,"4
Impeachment should be reserved for actions so egregious that there is bipartisan support for the same."
Should Trump be impeached and removed from office?,pro,"1
Trump becoming impeached could cause more uproar than it is probably worth. It could simply be left up to the people again to decide if he should be in office or not at the next elections."
Should Trump be impeached and removed from office?,unknown,"3
It is likely that impeachment would not achieve the goal of holding Trump accountable for his wrongdoings."
Should Trump be impeached and removed from office?,con,"Absolutely not!Predident Trump has comiited no crime and is a victim of unjustified attacks and accusations by corrupt individuals in Congress, the judiciary and the media."
Should nuclear energy replace fossil fuels?,unknown,"3
Nuclear energy should be used to replace fossil fuels."
Should nuclear energy replace fossil fuels?,unknown,"8
Nuclear energy is cleaner than fossil fuels."
Should nuclear energy replace fossil fuels?,unknown,"11
Nuclear energy holds significantly more potential than fossil fuels, evolving through technological breakthroughs and increased efficiency."
Should nuclear energy replace fossil fuels?,unknown,"6
Nuclear power is more cost-efficient than fossil fuels."
Should nuclear energy replace fossil fuels?,unknown,"7
Nuclear power plants present a greater hazard than other forms of power generation."
Should nuclear energy replace fossil fuels?,pro,"14
Nuclear energy is usually powered by uranium, a nonrenewable source of energy, which is inherently unsustainable.
 Unsupported
tried to merge the pro into this claim but there is very little evidence to suggest uranium would run out during humans' time on earth...would be good to look at what we could do here.
Show more"
Should Obligatory Community/Military Service Be Introduced?,unknown,"21
Obligatory Community/Military Service Should Be Introduced."
Should Obligatory Community/Military Service Be Introduced?,pro,"9
Performing community/military service provides benefits for the individuals who participate."
Should Obligatory Community/Military Service Be Introduced?,unknown,"8
Citizens have a moral duty to serve their society in return for the various rights and privileges that they are granted by society."
Should Obligatory Community/Military Service Be Introduced?,unknown,"16
Introducing obligatory community service would lead to many benefits for society."
Should Obligatory Community/Military Service Be Introduced?,unknown,"2
Obligatory service is an unfair infringement upon citizens' rights to freedom and self-determination."
Should Obligatory Community/Military Service Be Introduced?,unknown,"3
Obligatory service is a waste of resources."
Should Obligatory Community/Military Service Be Introduced?,unknown,"15
People who do not want to do military or community service are unreliable as workers."
Should Obligatory Community/Military Service Be Introduced?,unknown,Militaries are inherently harmful institutions and as such their workforce should not be augmented beyond necessity.
Should churches pay tax?,unknown,"118
Churches in the United States should lose their automatic tax-exempt status."
Should churches pay tax?,pro,"2
Giving churches an automatic tax break could be viewed as the state supporting religion, which is inappropriate."
Should churches pay tax?,unknown,"1
Tax exemptions are a privilege and should not automatically be granted to any organisation, including churches.
 Unclear
have merged some duplicate threads under here as discussed in other locations. However, child claims here will now need some attention"
Should churches pay tax?,pro,"23
Churches are often politically active and thus don't deserve tax-exempt status, which is accorded to non-politically active non-profits."
Should churches pay tax?,pro,"1
Religions generally approve of paying taxes."
Should churches pay tax?,unknown,"16
Governments that operate under a separation of church and state aren't positioned to claim authority to tax churches, regardless of whether churches do social good."
Should churches pay tax?,unknown,"4
The loss of existing tax exemptions will place a substantial financial burden on religious organisations."
Is Star Citizen a scam?,unknown,"7
Star Citizen is a scam."
Is Star Citizen a scam?,pro,The scope of the project keeps growing so that more money can be raised without ever releasing a finished product.
Is Star Citizen a scam?,unknown,"1
Chris Roberts has assigned close family members key positions on the company, even though they may not be really qualified to the job."
Is Star Citizen a scam?,unknown,"3
The technology in Star Citizen is revolutionary and will raise the bar for video games. That, obviously, takes time and money."
Is Star Citizen a scam?,unknown,"Star Citizen is being developed by CIG, which is a legitimate business."
Is Star Citizen a scam?,pro,There is evidence that CIG is likely to release a product at some point.
Is Pornography Art?,unknown,"2
Pornography is art."
Is Pornography Art?,unknown,"2
The definition of art is highly subjective, so the classification of pornography as art depends on who is viewing it."
Is Pornography Art?,pro,Art is the use of creativity to produce something that is both expressive and aesthetically pleasing. Porn does just this.
Is Pornography Art?,pro,"2
Pornography is a multi-billion dollar industry which does not aim at generating beauty or art, but profit."
Is Pornography Art?,unknown,"15
Pornography is not art because it has harmful effects."
Should (compulsory) school education focus on science rather than humanities?,unknown,"13
Compulsory school education should focus on science rather than humanities."
Should (compulsory) school education focus on science rather than humanities?,unknown,"29
Young adults should have a sound understanding of how the world works. This requires sound education in STEM subjects."
Should (compulsory) school education focus on science rather than humanities?,unknown,"6
Focusing on science at an early age is likely to result in more young people studying science degrees over humanities degrees at degree level. This will have a positive impact on their careers."
Should (compulsory) school education focus on science rather than humanities?,pro,"6
There is no human progress without science. For its purpose, science explains the way the natural world behaves. The more knowledgeable you are about science, the more creative you become, the more you'll contribute to humanity."
Should (compulsory) school education focus on science rather than humanities?,con,"3
Science is the backbone of our society and we need many people that care conversant in its many aspects."
Should (compulsory) school education focus on science rather than humanities?,unknown,"24
The ideal citizen will be informed about both sciences and humanities and will know why a balance of both is so important."
Should (compulsory) school education focus on science rather than humanities?,unknown,"6
If we only study science, we are unlikley to develop a scope of thinking with values and understanding the ideology."
Should (compulsory) school education focus on science rather than humanities?,unknown,"2
Students are likely to have different preferences. Educational institutions should encourage students to develop their academic interests."
Should (compulsory) school education focus on science rather than humanities?,con,The idea of science and humanities as separate complete concepts is now recognized as a false dichotomy. Thus it would be irresponsible for educators to continue perpetuating this by focusing on 'one over the other'.
Should (compulsory) school education focus on science rather than humanities?,unknown,It is important for young people to learn about traditions and culture.
Should (compulsory) school education focus on science rather than humanities?,unknown,"Education in philosophy enhances individual's critical thinking skills, reasoning abilities and argument analysis."
Should life skills be taught in K12 school?,unknown,"14
Life skills should be taught in school."
Should life skills be taught in K12 school?,unknown,"13
Learning life skills in school would benefit society."
Should life skills be taught in K12 school?,pro,"6
Teaching life skills in school will improve student attitudes to learning."
Should life skills be taught in K12 school?,unknown,Schools should capitalize on children's ability to absorb large amounts of information in early childhood.
Should life skills be taught in K12 school?,unknown,"9
Teaching children to succeed in life is the original reason why school was made."
Should life skills be taught in K12 school?,unknown,"2
Many adults do not have the time or knowledge to teach life skills to their children."
Should life skills be taught in K12 school?,unknown,"5
Teaching life skills in school would be ineffective and thus wasteful."
Should life skills be taught in K12 school?,unknown,"4
It is a parent's responsibility, not a teacher's, to teach children valuable life skills."
Should life skills be taught in K12 school?,unknown,"4
Revamping the education system to include life skills would be more hassle than it is worth."
Should private schools be banned?,unknown,"40
Private schools should be banned."
Should private schools be banned?,pro,"1
Public education is likely to improve in a world without private schools."
Should private schools be banned?,unknown,"11
Private schools lead to greater societal inequality."
Should private schools be banned?,unknown,"13
Private schools enhance individual and educational freedoms."
Should private schools be banned?,con,Private schools are good for the economy.
Should private schools be banned?,unknown,"5
A ban on private schools would not be practical to enforce."
Should public nudity be legal?,unknown,"60
Public nudity should be legal."
Should public nudity be legal?,pro,"21
Public nudity is a valid and popular form of self-expression and thus should be recognized and protected by law."
Should public nudity be legal?,pro,"The normalization of public nudity would provide a variety of social benefits. To achieve this normalization, public nudity must be legalized."
Should public nudity be legal?,unknown,Legalizing public nudity would be detrimental to the mental and physical health of all people.
Should public nudity be legal?,unknown,"6
The legalization of public nudity would cause social tensions and harm individuals and communities."
Is Fine Tuning Good Evidence for a Creator?,unknown,"5
Fine tuning is good evidence for a creator."
Is Fine Tuning Good Evidence for a Creator?,unknown,"7
Fine tuning may be due to the fact that all of the existence is an artificial (computer) simulation (simulation hypothesis)."
Is Fine Tuning Good Evidence for a Creator?,con,Many physical constants appear finely tuned for scientific discovery.
Is Fine Tuning Good Evidence for a Creator?,con,"1
Many physical constants appear finely tuned to permit life."
Is Fine Tuning Good Evidence for a Creator?,unknown,"In order for X to be good evidence for A over B, the chance of A given X must be significantly higher than the chance of B given X. However, this doesn't isn't the case with X=fine tuning, A=theism, and B=naturalism."
Is Fine Tuning Good Evidence for a Creator?,unknown,"3
The assumption that all of nature has been tuned only to support life on Earth is an anthropocentric bias."
Is Fine Tuning Good Evidence for a Creator?,unknown,"If a transcendental creator, who’s complex enough to create matter, energy, space, life, and the laws that govern them, can exist eternally, without explanation— so can a complex, eternal, physical reality that supports life."
Is Fine Tuning Good Evidence for a Creator?,pro,"Just because an event is highly unlikely to occur due to chance, that does not mean the outcome was probably not due to chance."
Is Fine Tuning Good Evidence for a Creator?,con,"Ryan Stringer's ""divine pruning argument"" defeats the fine tuning argument because it uses the same logic to arrive at the opposite conclusion."
Is Fine Tuning Good Evidence for a Creator?,con,"4
We cannot infer that most combinations of physical laws and constants would be incapable of supporting life."
Is Fine Tuning Good Evidence for a Creator?,unknown,The universe is not finely tuned because the vast majority of it appears hostile to life.
Is Fine Tuning Good Evidence for a Creator?,unknown,Explanations other than a creator plausibly exist for fine tuning.
Is Fine Tuning Good Evidence for a Creator?,pro,"If God finely tuned the universe, he would have to be finely tuned too. Thus, God doesn't help solve the problem."
Should the Electoral College be abolished?,unknown,"1
The Electoral College should be abolished."
Should the Electoral College be abolished?,unknown,"9
The Electoral College discriminates against smaller parties participating in the selection of the president, perpetuating a two-party system."
Should the Electoral College be abolished?,unknown,"28
The Electoral College system results in unfair outcomes for voters."
Should the Electoral College be abolished?,unknown,"24
The Electoral College no longer works as it was intended by the Founding Fathers. The fact that it no longer serves this purpose suggests that it is no longer necessary."
Should the Electoral College be abolished?,unknown,"4
The Electoral College empowers states as political units, which supports the system of federalism that is important to US governance."
Should the Electoral College be abolished?,unknown,"7
The Electoral College should be reformed, rather than abolished."
Should the Electoral College be abolished?,pro,"4
The Electoral College reduces the probability that electoral mechanisms fail."
Should fracking be banned?,unknown,"4
Fracking should be banned."
Should fracking be banned?,pro,"12
Fracking is known to cause health problems in the areas surrounding the drill sites."
Should fracking be banned?,unknown,"23
Given that renewable sources of energy are available, it is wrong to use non-renewables."
Should fracking be banned?,unknown,"7
Fracking is bad for the environment."
Should fracking be banned?,unknown,"4
Fracking poses substantial risks to its surrounding region."
Should fracking be banned?,con,"18
Fracking makes economic sense."
Should fracking be banned?,pro,"5
Fracking at home reduces the dependence on overseas producers of oil and gas."
Should fracking be banned?,pro,"9
An outright ban would rule out any potential future improved system that might be safe for the environment."
Should fracking be banned?,con,"2
All sources of Oil and Gas have some environmental consequences and risks: from blowouts that can affect a whole coastline to pipeline leaks that affect a previously unspoiled locality. For as long as we continue to need these resources the Government has a responsibility to tightly regulate 'all' sources of them to achieve near-zero risk. The cost consequences would be more tightly focused than any blanket ban."
Should the US Recognize Palestine as a State?,unknown,"36
The US Should Recognize Palestine as a State."
Should the US Recognize Palestine as a State?,unknown,"56
American recognition of a Palestinian state may end the destabilising Israeli occupation."
Should the US Recognize Palestine as a State?,unknown,"24
Palestine is a legitimate state and deserves to be recognised as such."
Should the US Recognize Palestine as a State?,unknown,"5
The US has an obligation to recognise Palestine as a state."
Should the US Recognize Palestine as a State?,unknown,"35
Recognizing Palestine while it is partially ruled by Hamas is equivalent to legitimizing a terrorist organization."
Should the US Recognize Palestine as a State?,unknown,"59
Palestinians refuse to recognise Israel as a Jewish state. It is, therefore, hypocritical of them to demand that other actors recognise them as a legitimate state."
Should the US Recognize Palestine as a State?,con,"27
The US should not support the two-state solution, which is concomitant with recognizing Palestine as a state, as it is not the best outcome for the region."
Should the United States close Guantanamo Bay?,unknown,Guantanamo Bay should be closed.
Should the United States close Guantanamo Bay?,con,Guantanamo Bay's continued use is unethical.
Should the United States close Guantanamo Bay?,unknown,Guantanamo Bay has done little to make the United States safer.
Should the United States close Guantanamo Bay?,pro,Closing Guantanamo Bay will improve American diplomatic relations.
Should the United States close Guantanamo Bay?,unknown,Keeping Guantanamo Bay open is expensive.
Should the United States close Guantanamo Bay?,unknown,There is no suitable solution for dealing with many current prisoners if Guantanamo Bay were to close.
Should the United States close Guantanamo Bay?,unknown,Closing Guantanamo Bay is politically unpopular.
Should the United States close Guantanamo Bay?,unknown,Guantanamo Bay is needed to keep innocent people safe from terror suspects.
Should the United States close Guantanamo Bay?,unknown,"Guantanamo Bay doesn't need to be closed, it needs to be reformed."
Should the United States close Guantanamo Bay?,unknown,The alternatives to Guantanamo Bay are both less safe for the United States and less humane for terror suspects.
Should homework be mandatory?,unknown,"2
Homework should be mandatory."
Should homework be mandatory?,unknown,Homework is academically beneficial for students.
Should homework be mandatory?,unknown,"1
Homework teaches students vital skills which are not solely restricted to academia."
Should homework be mandatory?,unknown,Schools should not outsource teaching to parents in the form of homework.
Should homework be mandatory?,unknown,There is no time for doing homework alongside school and hobbies.
Should homework be mandatory?,con,Homework perpetuates inequalities by penalizing students who don't live in an environment conducive for doing homework.
Should The Date of Australia Day Be Changed?,unknown,"4
The date of Australia Day should be changed."
Should The Date of Australia Day Be Changed?,unknown,"8
The current date reflects a day of great tragedy for the Aboriginal people of Australia."
Should The Date of Australia Day Be Changed?,unknown,"3
The 26th of January commemorates the establishment of the first settlement in the colony of New South Wales. This is not the same as Australia."
Should The Date of Australia Day Be Changed?,unknown,"4
Australia Day has no long standing history, so there should be less resistance to change."
Should The Date of Australia Day Be Changed?,pro,"1
The indigenous people have many greater problems to solve that are more important than symbolism."
Should The Date of Australia Day Be Changed?,unknown,"It is the way Australia Day is acknowledged, rather than the date itself, that should be changed."
Should The Date of Australia Day Be Changed?,pro,"2
Changing the date of Australia Day would lessen the impact and visibility of Invasion Day protests. The uglier aspects of Australia's origin belong as part of the National Holiday."
Should all children be taught to code in school?,unknown,"2
All children should be taught to code in school."
Should all children be taught to code in school?,unknown,Coding is increasingly becoming an essential skill for work and life.
Should all children be taught to code in school?,unknown,Coding can be a gateway for studying STEM subjects in the future.
Should all children be taught to code in school?,pro,"1
Coding has become an important skill to contribute to society through volunteering, non-profits, civics, and so on by building or improving public interest and open source technologies."
Should all children be taught to code in school?,unknown,Learning to code early gives students a better chance at grasping and advancing the skill.
Should all children be taught to code in school?,unknown,Teaching coding might not be feasible for most schools due to the personnel and financial requirements.
Should all children be taught to code in school?,unknown,"4
Introducing coding lessons at school would increase children's screen time to an unhealthy level."
Should all children be taught to code in school?,unknown,"2
Coding is a complex activity and should not be taught to all children, as many might not have an interest in or aptitude for it."
Is it ethical to design and build weapons of war?,unknown,"4
It is ethical to design and build weapons of war."
Is it ethical to design and build weapons of war?,con,Weapons are necessary to deter conflict.
Is it ethical to design and build weapons of war?,unknown,"1
The ethics of designing and building weapons of war depends on the objective function of certain weapons."
Is it ethical to design and build weapons of war?,unknown,"10
Weapons are necessary for states to exercise the right to self-defense."
Is it ethical to design and build weapons of war?,unknown,"1
Designing and building weapons takes resources away from more socially useful developments."
Is it ethical to design and build weapons of war?,unknown,"6
Killing is wrong, so designing technology to kill is wrong."
Should Infants be Baptized?,unknown,"14
Infants Should be Baptized."
Should Infants be Baptized?,unknown,There are numerous passages in the New Testament that imply the baptism of infants.
Should Infants be Baptized?,unknown,"2
Church Tradition has predominantly taught in favor of infant baptism."
Should Infants be Baptized?,unknown,Infants need a savior.
Should Infants be Baptized?,unknown,The purpose of baptism is such that it makes sense to baptize infants.
Should Infants be Baptized?,pro,"Baptism should only be given to people who repent and profess faith in Jesus Christ, which excludes infants."
Should Infants be Baptized?,unknown,"3
Infant baptism is never explicitly taught or practiced in the New Testament."
Should Infants be Baptized?,unknown,Baptism shouldn't be forced on anyone who hasn't chosen it for himself/herself.
Should Infants be Baptized?,unknown,Infant baptism poses threats to the health and welfare of infants.
Should Infants be Baptized?,unknown,Jesus was not baptized until he was an adult. It makes sense for Christians to do the same.
Should Infants be Baptized?,unknown,"13
Water is merely symbolic as a purifying agent. The use of water in baptism isn't necessary for anyone."
Should Infants be Baptized?,unknown,Baby dedications are a better way to entrust infants to God.
Should Countries Taking In Refugees Confiscate their Valuables?,con,"32
Countries that accept refugees must confiscate their valuables worth more than €10,000."
Should Countries Taking In Refugees Confiscate their Valuables?,con,"3
Confiscating their valuables would show that refugees have something to give in return, which would be good for their reputation."
Should Countries Taking In Refugees Confiscate their Valuables?,con,"8
Confiscating refugees’ valuables is a good method to make sure that they contribute fairly to the social services they will access in the country they take refuge in."
Should Countries Taking In Refugees Confiscate their Valuables?,con,"4
Confiscating refugees' valuables would work as deterrence and help keep refugees out."
Should Countries Taking In Refugees Confiscate their Valuables?,unknown,Taking refugee's valuables makes their integration more difficult.
Should Countries Taking In Refugees Confiscate their Valuables?,unknown,"13
Refugees are seeking charitable sanctuary for their lives, so charging them what is effectively a fee for doing so is not an act of benevolence."
Should Countries Taking In Refugees Confiscate their Valuables?,pro,"3
One of the main duties of a modern democratic state is to provide and protect the right of property. Confiscating the private property of refugees violates that important human right."
Should Countries Taking In Refugees Confiscate their Valuables?,con,"3
Confiscating refugee valuables can harm a country by giving them a negative international reputation."
Should Countries Taking In Refugees Confiscate their Valuables?,unknown,"9
To physically search refugees for valuables has negative effects."
Should The Catholic Church Publicly Elect Its Leaders?,unknown,"1
The Catholic Church should publicly elect its leaders."
Should The Catholic Church Publicly Elect Its Leaders?,unknown,"Public elections could see the Church address a lot of its deep-rooted, structural issues."
Should The Catholic Church Publicly Elect Its Leaders?,pro,The values of the Church are outdated. Having public elections would likely make the Church become more progressive and catch up with contemporary societal values.
Should The Catholic Church Publicly Elect Its Leaders?,unknown,Having democratic elections is the most fair way of selecting leaders.
Should The Catholic Church Publicly Elect Its Leaders?,unknown,This would make the members feel more engaged in the Church.
Should The Catholic Church Publicly Elect Its Leaders?,unknown,"2
If the Catholic Church abandons one of its primary theological beliefs, then it will no longer be taken seriously."
Should The Catholic Church Publicly Elect Its Leaders?,unknown,Organizing such elections would be a huge drain on the Church's resources.
Should The Catholic Church Publicly Elect Its Leaders?,unknown,"1
Church officials owe obligations to their religion first, and not followers."
Should The Catholic Church Publicly Elect Its Leaders?,unknown,Having public elections would make the Church become less about Christianity and more about politics.
Should The Catholic Church Publicly Elect Its Leaders?,unknown,The Church is a divine institution and its leaders should therefore be selected by God and God's spokespersons.
Should transgender personae only be performed by transgender people?,unknown,"3
Transgender personae should only be performed by transgender people."
Should transgender personae only be performed by transgender people?,unknown,It is disrespectful to any real-life figures who transitioned to be portrayed by the gender they did not identify with.
Should transgender personae only be performed by transgender people?,unknown,Only transgender people could know the deep psychological intricacies of a transgender persona and express them.
Should transgender personae only be performed by transgender people?,unknown,Not giving transgender roles to transgender people is a form of discrimination.
Should transgender personae only be performed by transgender people?,unknown,It might give a chance to a new talent to be known.
Should transgender personae only be performed by transgender people?,unknown,"4
Limiting who is allowed to play a role would limit artistic liberty."
Should transgender personae only be performed by transgender people?,unknown,"10
That would be gender-based discrimination, which is illegal."
Should transgender personae only be performed by transgender people?,unknown,"10
A role should be given to the best actor, regardless of one’s gender."
Should transgender personae only be performed by transgender people?,pro,It is counterproductive for transgender people's acceptance in society.
Should transgender personae only be performed by transgender people?,pro,"It forces actors to define their identity, which can lead to the actors outing themselves. I.e. an actor perceived as cis may have to come out as trans to respond to protests for them playing the role, even if this was not public knowledge."
Should transgender personae only be performed by transgender people?,pro,"3
It's conceivable that there could be sensitive and appropriate ways to allow cis people to play transgender characters rather than completely excluding the possibility."
Should STEM Degrees Be Free?,unknown,STEM degrees should be free.
Should STEM Degrees Be Free?,con,"1
STEM graduates are economically good investments for society."
Should STEM Degrees Be Free?,pro,Having more STEM graduates will boost humanity's scientific and technological progress.
Should STEM Degrees Be Free?,unknown,Having more STEM graduates is a national security priority.
Should STEM Degrees Be Free?,unknown,It is not necessary for STEM degrees to be free to capitalize on their benefits.
Should STEM Degrees Be Free?,unknown,"1
Free STEM degrees are unfair to students studying other subjects."
Should the United Kingdom Ban the Burqa and Niqab?,unknown,A ban on the Burqa and Niqab should be introduced in the United Kingdom.
Should the United Kingdom Ban the Burqa and Niqab?,unknown,"3
Covering the face leads to security complications."
Should the United Kingdom Ban the Burqa and Niqab?,unknown,"1
Covering of the face affects people's ability to integrate fully into society."
Should the United Kingdom Ban the Burqa and Niqab?,unknown,A ban on the Burqa and Niqab is important in guaranteeing women's freedom.
Should the United Kingdom Ban the Burqa and Niqab?,unknown,"8
Banning the Burqa would reduce the cultural influence Islam imposes on the UK."
Should the United Kingdom Ban the Burqa and Niqab?,unknown,"3
A range of other countries, many similar to the UK, have introduced the ban."
Should the United Kingdom Ban the Burqa and Niqab?,con,"16
When a religion uses deadly violence and forces that religion onto other people, it should not be considered a religion anymore and should therefore lose the rights associated with it. It becomes a threat to life."
Should the United Kingdom Ban the Burqa and Niqab?,unknown,"1
We must treat these people the same way we treat any other person belonging to any other religion."
Should the United Kingdom Ban the Burqa and Niqab?,unknown,"Such a ban would be an infringement of people's freedom of religion, which is a fundamental human right."
Should the United Kingdom Ban the Burqa and Niqab?,unknown,Such a ban is unbefitting of a liberal democracy.
Should the United Kingdom Ban the Burqa and Niqab?,unknown,"5
A ban on face coverings could reinforce existing prejudices against Muslims as it would offer legal legitimacy."
Should the United Kingdom Ban the Burqa and Niqab?,unknown,The government should not have the ability to dictate what people can and cannot wear.
Should the United Kingdom Ban the Burqa and Niqab?,con,"1
A tolerant society rather then a ban is more attractive to young people then a society which tries to control them by telling what to wear."
Should the United Kingdom Ban the Burqa and Niqab?,unknown,"The Burqa and Niqab are longstanding cultural traditions which would then be interrupted, causing distress for both Muslim individuals and communities."
Is Elon Musk's takeover of Twitter good for the public?,unknown,"11
Elon Musk's takeover of Twitter/X is good for the general public."
Is Elon Musk's takeover of Twitter good for the public?,unknown,"12
Musk will increase transparency."
Is Elon Musk's takeover of Twitter good for the public?,unknown,Musk will increase free speech in the platform.
Is Elon Musk's takeover of Twitter good for the public?,unknown,"5
Musk will reduce spam on the platform."
Is Elon Musk's takeover of Twitter good for the public?,con,Takeover of media outlets by billionaires is never a good thing due to the structure of control even with the best intentions and expertise.
Is Elon Musk's takeover of Twitter good for the public?,con,"1
Many users are leaving the platform after and due to various activities and decisions by Musk, including users with large audience and/or contributing particularly valuable content such as academics."
Is Elon Musk's takeover of Twitter good for the public?,unknown,Ownership of X/Twitter is used by Musk to spread his often misinformed views and further his commercial interests on X. He may possibly also use it to bias it in favor of his political views.
Is Elon Musk's takeover of Twitter good for the public?,unknown,"3
After his takeover, the free version of its API was shut down. It was also used for useful research and various client applications among other public benefits, some of which have come from future innovation / software development that relies on or benefits from the API access."
Is Elon Musk's takeover of Twitter good for the public?,unknown,Harmful behavior will increase on Twitter under Musk.
Is Elon Musk's takeover of Twitter good for the public?,unknown,"6
Twitter is different from every other company that Musk has headed. Therefore, Musk is unlikely to achieve the success he has demonstrated in his previous enterprises."
Should children own a smartphone?,unknown,"3
Children should not own a smartphone."
Should children own a smartphone?,pro,"Children might encounter inappropriate content they are not prepared to deal with, like pornography, violence and extremist ideologies."
Should children own a smartphone?,unknown,Smartphones prevent children from developing valuable skills.
Should children own a smartphone?,unknown,Smartphones are unhealthy for children.
Should children own a smartphone?,unknown,"Children should not have phones because they are very clumsy and could potentially break their phones on the first day, throwing hard-working money away."
Should children own a smartphone?,unknown,Smartphones are unsafe for children.
Should children own a smartphone?,unknown,"2
Children should have access to a communication device in case of emergencies."
Should children own a smartphone?,unknown,"1
Smartphones can be used as a mobile education device."
Should children own a smartphone?,unknown,"1
Smartphones enable parents to communicate with their kids more easily and regularly."
Should children own a smartphone?,con,"1
Children owning smartphones benefits the global economy."
Should children own a smartphone?,unknown,"3
Children without smartphones are likely to be bullied by their classmates."
Should Democrats Cooperate with Donald Trump?,unknown,Democrats should not cooperate with Donald Trump’s presidency.
Should Democrats Cooperate with Donald Trump?,unknown,Allowing Trump to claim to be a bipartisan President strengthens his political stature.
Should Democrats Cooperate with Donald Trump?,unknown,"3
Cooperation with Trump is bound to fail; Democrats should focus on forming a policy platform which they can run on in 2018 and 2020."
Should Democrats Cooperate with Donald Trump?,unknown,"Cooperating with Trump normalises his Presidency and everything he stands for, something which Democrats should be opposed to."
Should Democrats Cooperate with Donald Trump?,unknown,"2
Cooperation with Trump will require trading away key Democratic priorities; this should be avoided at all costs."
Should Democrats Cooperate with Donald Trump?,unknown,"19
Democrats can weigh the costs and benefits of cooperation on a case-by-case basis. It is highly unlikely that cooperation will always turn out to be a bad idea, so rather than adopting a blanket policy, Democrats should reserve cooperation for the few cases where it is rational."
Should Democrats Cooperate with Donald Trump?,unknown,"3
Refusing to cooperate with or obstructing the other party when they are in government violates democratic norms and principles."
Should Democrats Cooperate with Donald Trump?,unknown,"3
Democrats must cooperate with Trump in order to forward their legislative agenda, an agenda that stands in opposition to the ideals Trump espouses."
Should Democrats Cooperate with Donald Trump?,unknown,"3
Refusal to cooperate with Trump will polarise the American public even more."
Is Daenerys Targaryen the Prince/Princess that was Promised?,pro,"3
Daenerys Targaryen is the Prince/Princess that was Promised."
Is Daenerys Targaryen the Prince/Princess that was Promised?,pro,"The prophecy describes the Prince as the one to ""wake dragons out of stone""."
Is Daenerys Targaryen the Prince/Princess that was Promised?,pro,"According to the prophecy, the Prince would be born out of ""salt and smoke""."
Is Daenerys Targaryen the Prince/Princess that was Promised?,pro,"8
The prophecy mentions that the Prince would be born ""when the red star bleeds and the darkness gathers""."
Is Daenerys Targaryen the Prince/Princess that was Promised?,pro,"27
The woods witch, in a separate prophecy, mentions that the Prince would be born from the bloodline of Rhaella and Aerys II Targaryen."
Is Daenerys Targaryen the Prince/Princess that was Promised?,unknown,Several characters in the books and the TV series support this interpretation.
Is Daenerys Targaryen the Prince/Princess that was Promised?,unknown,Daenerys being the Prince is the most obvious outcome; this actually makes it less likely to be the case.
Is Daenerys Targaryen the Prince/Princess that was Promised?,pro,The Prince that was Promised could be the 'three headed dragon' rather than Daenerys herself.
Is Daenerys Targaryen the Prince/Princess that was Promised?,pro,"1
The prophecy describes the Prince as forging and wielding a flaming weapon: the Lightbringer. Daenerys does not wield a weapon."
Is Daenerys Targaryen the Prince/Princess that was Promised?,pro,"3
In Daenerys' vision Rhaegar Targaryen describes the story of the Prince that was Promised as ""The Song of Ice and Fire"". This does not fit Daenerys."
Is Daenerys Targaryen the Prince/Princess that was Promised?,pro,"16
There is no reason to believe that the prophecy of the Prince that was Promised is anything more than a myth."
Should all drugs be legalised?,unknown,"48
All drugs should be legalised."
Should all drugs be legalised?,unknown,"19
If drugs were legalised, the drug trade would be less able to fuel serious crime."
Should all drugs be legalised?,unknown,"32
The enforcement of the criminalisation of drugs has harmed communities around the world and should be stopped."
Should all drugs be legalised?,unknown,"2
Using drugs can be an important and positive experience for individuals and communities."
Should all drugs be legalised?,unknown,"8
Drugs should remain banned because they are detrimental to the health of those who use them."
Should all drugs be legalised?,unknown,"29
Legalisation would increase overall drug use."
Should Ex-Convicts Be Prioritised In The Job Market?,con,"5
Ex-convicts should be prioritised in the job market."
Should Ex-Convicts Be Prioritised In The Job Market?,con,Prioritising ex-convicts in employment will help to reintegrate them into society.
Should Ex-Convicts Be Prioritised In The Job Market?,con,Increasing job accessibility for ex-convicts will positively impact the labour market.
Should Ex-Convicts Be Prioritised In The Job Market?,con,"Without intervention, ex-convicts will remain at a disadvantage compared to regular citizens."
Should Ex-Convicts Be Prioritised In The Job Market?,unknown,People should not be rewarded with jobs for committing crimes.
Should Ex-Convicts Be Prioritised In The Job Market?,con,Prioritising ex-convicts in the job market would be unfair to law-abiding citizens.
Should Ex-Convicts Be Prioritised In The Job Market?,unknown,Employers should be allowed to select workers according to their preferences and business interests.
Should Individuals Be Allowed Paid Period Leave?,unknown,"2
Individuals should be allowed paid period leave."
Should Individuals Be Allowed Paid Period Leave?,unknown,"5
Dysmenorrhea is an invisible disability, which is why it should be treated as a genuine illness."
Should Individuals Be Allowed Paid Period Leave?,unknown,This would increase awareness and discussion around many of the issues women face in the workplace.
Should Individuals Be Allowed Paid Period Leave?,pro,"1
Period leave policies already exist in some countries and are proven to work. Therefore, implementing such policies in countries and companies which lack them should not be difficult as there are plenty of working models to choose from."
Should Individuals Be Allowed Paid Period Leave?,pro,Fewer women would be employed due to the additional expense imposed upon employers by this provision.
Should Individuals Be Allowed Paid Period Leave?,unknown,"6
If there are not enough sick days the total number of sick days offered to employees should be increased rather then have sick days for specific reasons."
Should Individuals Be Allowed Paid Period Leave?,unknown,"7
Period leave policies would worsen workplace sexism."
Should Individuals Be Allowed Paid Period Leave?,unknown,"4
It is possible to take unfair advantage of period leave policies."
Is Attachment Parenting the Best Way to Raise a Child?,unknown,"13
Attachment Parenting is the Best Way to Raise a Child."
Is Attachment Parenting the Best Way to Raise a Child?,unknown,Attachment parenting is beneficial for the mother.
Is Attachment Parenting the Best Way to Raise a Child?,unknown,Attachment parenting is a natural way of parenting.
Is Attachment Parenting the Best Way to Raise a Child?,unknown,"26
Attachment parenting is beneficial to society."
Is Attachment Parenting the Best Way to Raise a Child?,unknown,"7
Attachment parenting aids mental development."
Is Attachment Parenting the Best Way to Raise a Child?,unknown,"18
Attachment parenting leads to physically healthier children."
Is Attachment Parenting the Best Way to Raise a Child?,unknown,"The quality of care is more important than the particular method or ""way"" a child is raised."
Is Attachment Parenting the Best Way to Raise a Child?,unknown,Sharing a bed with your baby is dangerous.
Is Attachment Parenting the Best Way to Raise a Child?,unknown,"24
Attachment parenting is exclusionary."
Is Attachment Parenting the Best Way to Raise a Child?,unknown,"10
Attachment parenting is deleterious for feminism by virtue of relegating women to 'traditional' gender roles."
Is Attachment Parenting the Best Way to Raise a Child?,unknown,Attachment parenting has detrimental effects on the relationship of the parents.
Should the UK Remain in the EU if the only Alternative is a Hard Brexit?,unknown,"21
The UK should remain in the EU if a hard Brexit is the only alternative option."
Should the UK Remain in the EU if the only Alternative is a Hard Brexit?,unknown,"78
A hard Brexit would end Freedom of Movement, and all the associated benefits it brings."
Should the UK Remain in the EU if the only Alternative is a Hard Brexit?,con,"10
A hard Brexit will significantly damage the UK economy."
Should the UK Remain in the EU if the only Alternative is a Hard Brexit?,unknown,A hard Brexit will hurt the scientific community in the UK.
Should the UK Remain in the EU if the only Alternative is a Hard Brexit?,unknown,"Britain will have significantly less influence in Europe if it leaves the EU, and as a result will be a weaker nation in the international community."
Should the UK Remain in the EU if the only Alternative is a Hard Brexit?,unknown,"3
A hard Brexit will negatively affect the National Health Service."
Should the UK Remain in the EU if the only Alternative is a Hard Brexit?,unknown,"9
A hard Brexit would threaten the UK's domestic security with respect to crime, terrorism and the rule of law."
Should the UK Remain in the EU if the only Alternative is a Hard Brexit?,con,"9
The UK should be able to control and limit its immigration policy as it sees fit."
Should the UK Remain in the EU if the only Alternative is a Hard Brexit?,unknown,"14
The supremacy of EU law impinges on Britain's ability to make laws to govern itself; by exiting the EU, Britain can make rules on any area it chooses."
Should the UK Remain in the EU if the only Alternative is a Hard Brexit?,unknown,"16
Remaining in the EU would exacerbate political instability."
Should the UK Remain in the EU if the only Alternative is a Hard Brexit?,unknown,"12
The EU is too dysfunctional for the UK."
Should the UK Remain in the EU if the only Alternative is a Hard Brexit?,unknown,"4
The institutions of the EU are not representative of modern Britain."
Should the UK Remain in the EU if the only Alternative is a Hard Brexit?,unknown,"32
Being part of the EU harms British culture."
Should the EU have its own army?,con,"9
The European Union should create a centrally controlled army in addition to the armies of member states."
Should the EU have its own army?,con,"5
A centrally controlled army would increase the EU's ability to defend itself and its allies."
Should the EU have its own army?,unknown,"2
An EU army would increase political integration between member states."
Should the EU have its own army?,unknown,Having an army would increase the EU's influence globally.
Should the EU have its own army?,con,"2
An EU army would be economically beneficial for the EU."
Should the EU have its own army?,unknown,"13
An EU army could negatively affect member states' sovereignty to make independent foreign policy."
Should the EU have its own army?,unknown,"9
The political will to finance an EU standing army does not exist."
Should the EU have its own army?,unknown,"3
An EU army would increase Euroscepticism."
Should students be allowed to use generative AI for assignments?,unknown,Students should be allowed to use generative AI for assignments.
Should students be allowed to use generative AI for assignments?,pro,"Allowing students to use genAI on assignments could enable students to waste less time on soon-to-be automated tasks and more time learning and practicing next-generation skills (such as fact-checking, logic-checking, and prompting genAI tools to produce better human-AI outputs)."
Should students be allowed to use generative AI for assignments?,unknown,"4
Enabling students to use generative AI for assignments will encourage the development of the use of technology in schools."
Should students be allowed to use generative AI for assignments?,unknown,We need to prepare students for the employers that already require workers to use assistive AI like ChatBots.
Should students be allowed to use generative AI for assignments?,unknown,"If students can learn from chatbots, and schools' primary goal is learning, then schools should allow students to use chatbots as a learning tool."
Should students be allowed to use generative AI for assignments?,unknown,"ChatBots can help marginalized students perform better, potentially reducing inequalities in academic achievement."
Should students be allowed to use generative AI for assignments?,unknown,"1
Assignments that can be completed entirely by genAI were always bad."
Should students be allowed to use generative AI for assignments?,pro,AI assistants may provide information that discourages its user from more comprehensive evaluation of a topic.
Should students be allowed to use generative AI for assignments?,unknown,"Using generative AI removes students' need to inquire, investigate, and learn while researching."
Should students be allowed to use generative AI for assignments?,unknown,"Students learn less when using assistive technology like ChatBots than they do when learning without such assistive technology (citation needed).
 Unsupported
Citation(s) needed"
Should students be allowed to use generative AI for assignments?,unknown,"Generative AI does a lot of the thinking for the student, undermining the goal of getting students to think for themselves."
Should students be allowed to use generative AI for assignments?,unknown,Working with other people or certain sources is sometimes a form of cheating.
Should students be allowed to use generative AI for assignments?,pro,"Generative LLMs can undermine students' grades by producing false or misleading outputs (such as citations of papers that do not exist), including plain ""hallucinations"", which would yield low-quality results. Students could get educated on pitfalls of using genAIs, and their use could be discouraged (but not prohibited)."
Should students be allowed to use generative AI for assignments?,unknown,ChatBots may reinforce certain already dominant forms of expression and writing that further marginalize other forms.
Should the US have withdrawn from NAFTA?,unknown,"1
It would have been in the interests of the US to withdraw from NAFTA."
Should the US have withdrawn from NAFTA?,unknown,"3
NAFTA reduced the number of jobs available for American workers."
Should the US have withdrawn from NAFTA?,pro,"8
NAFTA has increased the US' trade deficit, harming American prosperity and sustainability."
Should the US have withdrawn from NAFTA?,unknown,"3
NAFTA has had a negative effect on wage growth in America."
Should the US have withdrawn from NAFTA?,con,"8
NAFTA has led to an increase in immigrants in the US, hurting the American economy."
Should the US have withdrawn from NAFTA?,unknown,Withdrawal from NAFTA would have meant that the US could not have negotiated the United States–Mexico–Canada Agreement (USMCA). The USMCA is good for the US.
Should the US have withdrawn from NAFTA?,unknown,"Withdrawing from NAFTA would disrupt the supply chains of countless businesses, threatening their sustainability."
Should the US have withdrawn from NAFTA?,unknown,Withdrawing from NAFTA would have been bad for Canada and Mexico.
Should the US have withdrawn from NAFTA?,unknown,Withdrawing from NAFTA would have hurt US relations with Mexico and Canada.
Should the US have withdrawn from NAFTA?,con,Withdrawing from NAFTA would have been harmful to the US economy.
Is Cloning Animals Ethical?,unknown,"6
Cloning animals is ethical."
Is Cloning Animals Ethical?,unknown,"6
Animal cloning could repair the large amount of damage done to this planet by humanity."
Is Cloning Animals Ethical?,unknown,"1
Animal cloning may reduce global hunger caused by food shortages."
Is Cloning Animals Ethical?,pro,"6
Cloning animals can provide a way for beloved family pets to live on."
Is Cloning Animals Ethical?,con,"6
It is unethical to clone animals when we have incomplete knowledge of its potential harmful consequences."
Is Cloning Animals Ethical?,unknown,"3
Cloning causes animals to suffer."
Is Cloning Animals Ethical?,con,"1
Animals cannot consent to being cloned."
Is it important to get a college education?,unknown,"5
It is important to get a college education."
Is it important to get a college education?,unknown,"8
A college education is associated with greater career success and overall happiness."
Is it important to get a college education?,unknown,A college degree is associated with a higher social status and more social advantages.
Is it important to get a college education?,unknown,"2
A college education is no longer worth the high costs and demands."
Is it important to get a college education?,unknown,"The crucial knowledge, skills, and experience required for life and success can be acquired outside of school."
Should Felons be Allowed to Vote?,con,"22
Convicted felons in the United States (that is: sentenced of a crime punishable with at least one year in prison or death) should permanently lose their voting rights."
Should Felons be Allowed to Vote?,pro,"18
Having violated the laws of society, a felon should not be part of the process through which society governs itself."
Should Felons be Allowed to Vote?,unknown,"4
Having harmed their communities, felons should no longer be entitled to the benefits associated with voting."
Should Felons be Allowed to Vote?,con,"14
Removing voting rights for convicted felons reduces crime rates."
Should Felons be Allowed to Vote?,unknown,"8
Most punishments aim to rehabilitate and reintegrate the criminal. Removing the right to vote undermines this goal by alienating the individual from the rest of society."
Should Felons be Allowed to Vote?,unknown,"29
Felony disenfranchisement violates the democratic principle of equality."
Should Felons be Allowed to Vote?,pro,"3
The practice of felony disenfranchisement has its roots in America’s history of racism, and it continues to disproportionately impact people of color."
Should Felons be Allowed to Vote?,unknown,"3
Felony disenfranchisement is an archaic punishment which most other developed countries have abandoned."
Should Florida Pass SB 1364 (Everglades Protection Area)?,unknown,"This bill simplifies Florida small-scale development planning, prioritizing affordability but may limit public input and strain the environment."
Should Florida Pass SB 1364 (Everglades Protection Area)?,pro,"Passing SB 1364 represents a significant commitment to environmental stewardship. It aligns with best practices in conservation and sets a precedent for responsible management of natural resources. The bill reflects Florida’s dedication to protecting its natural heritage and ensuring a sustainable future. Supporting SB 1364 is not just about preserving a wetland; it’s about affirming Florida’s role as a leader in environmental protection and sustainable development
Click to see the pros and cons below this claim."
Should Florida Pass SB 1364 (Everglades Protection Area)?,pro,Provides a clear process for challenging amendments.
Should Florida Pass SB 1364 (Everglades Protection Area)?,con,Encourages the construction of affordable housing.
Should Florida Pass SB 1364 (Everglades Protection Area)?,unknown,Expedites the implementation of small-scale amendments.
Should Florida Pass SB 1364 (Everglades Protection Area)?,pro,Simplifies administrative process for small-scale development.
Should Florida Pass SB 1364 (Everglades Protection Area)?,con,May have unintended consequences in specific areas such as the Everglades.
Should Florida Pass SB 1364 (Everglades Protection Area)?,unknown,Could impact environmental regulations.
Should Florida Pass SB 1364 (Everglades Protection Area)?,unknown,May limit public involvement in planning decisions.
Should Florida Pass SB 1364 (Everglades Protection Area)?,unknown,Could lead to overdevelopment in certain areas.
Should an artificial general intelligence be created?,unknown,"18
An artificial general intelligence (AGI) should be created."
Should an artificial general intelligence be created?,unknown,"2
AGI could make the day-to-day lives of all humans easier and more fulfilling."
Should an artificial general intelligence be created?,unknown,"5
AGI should be developed and studied to advance science and knowledge."
Should an artificial general intelligence be created?,pro,AGI should be created because it can solve technocratic problems better than humans can.
Should an artificial general intelligence be created?,unknown,"8
AGI might represent a threat to humankind."
Should an artificial general intelligence be created?,con,"5
It is immoral to create and control sentient life."
"Is Christian Domestic Discipline right, and is it what the Bible really suggests?",unknown,"18
Christian Domestic Discipline (CDD) is morally acceptable."
"Is Christian Domestic Discipline right, and is it what the Bible really suggests?",con,CDD is a lifestyle choice between consenting adults.
"Is Christian Domestic Discipline right, and is it what the Bible really suggests?",pro,CDD can produce positive effects in a relationship.
"Is Christian Domestic Discipline right, and is it what the Bible really suggests?",unknown,"CDD is an abusive act. Therefore, it is not morally acceptable."
"Is Christian Domestic Discipline right, and is it what the Bible really suggests?",unknown,CDD is not supported by the Bible and is therefore not morally acceptable.
Should Psychiatrists Be Allowed to Diagnose Trump?,unknown,The American Psychiatry Association should repeal the Goldwater Rule and allow psychiatrists to publicly diagnose Trump.
Should Psychiatrists Be Allowed to Diagnose Trump?,con,"4
The Goldwater rule unnecessarily silences psychiatrists and restricts their freedom of speech and ability to contribute to public discussion of mental health."
Should Psychiatrists Be Allowed to Diagnose Trump?,unknown,"Some psychiatrists are already commenting on the mental health of Trump. This leads to a skewed debate where only those who feel strongly about Trump participate in the public debate, and those who think otherwise refrain from commenting publicly. It is better to remove the Goldwater rule altogether and allow everyone to diagnose Trump, leading to a more intelligent discussion."
Should Psychiatrists Be Allowed to Diagnose Trump?,unknown,The American public has a right to medical and psychiatric knowledge about Trump.
Should Psychiatrists Be Allowed to Diagnose Trump?,unknown,"By allowing psychiatrists to diagnose public figures, they can prevent dysfunctional and possibly dangerous individuals from being elected."
Should Psychiatrists Be Allowed to Diagnose Trump?,pro,Simply observing Trump in his public capacity does not give any psychiatrist enough information to make a proper evaluation; most diagnoses would be inaccurate as they would rely on incomplete information.
Should Psychiatrists Be Allowed to Diagnose Trump?,con,"If psychiatrists end up giving various different diagnoses of Trump's mental health, or disagreeing on whether he is actually mentally ill or not, public confidence in the institution of psychiatry will be undermined."
Should Psychiatrists Be Allowed to Diagnose Trump?,unknown,Public diagnosis of Trump's mental health will only serve to stigmatise mental health.
Should Psychiatrists Be Allowed to Diagnose Trump?,con,"Nobody, including Trump, should be diagnosed without their consent."
Should Psychiatrists Be Allowed to Diagnose Trump?,unknown,"3
A person cannot be diagnosed with an illness unless they seek treatment. A diagnosis is only possible through several sessions that rules out any other possible illnesses like tumors, a complete life history and detail, and the doctors own observations. It is comprehensive and invasive. I don't see how psychiatrist can make a diagnosis based on just observing a public figure from a distance."
Should Psychiatrists Be Allowed to Diagnose Trump?,unknown,"5
Repealing Goldwater can cause a distrust with patients towards psychiatrists. It undermines privacy issues and the legitimacy of psychiatry."
Should Children Learn About Gender Identity And Sexual Orientation In School?,unknown,"45
Children should learn about gender identity and sexual orientation in school."
Should Children Learn About Gender Identity And Sexual Orientation In School?,con,"17
Teaching topics on gender and sexuality would require teachers to learn things that they may not have otherwise considered. This can make them more knowledgeable and compassionate educators."
Should Children Learn About Gender Identity And Sexual Orientation In School?,con,"2
Learning about gender identity and sexual orientation will create an environment more conducive to healthy adolescent development."
Should Children Learn About Gender Identity And Sexual Orientation In School?,unknown,"38
Since gender identity and sexual orientation are not essential life skills, there is no reason why public institutions should be instructing students on these topics."
Should Children Learn About Gender Identity And Sexual Orientation In School?,unknown,"Some families, due to their cultural or religious backgrounds, may be against such education."
Should Inheritance be Abolished?,unknown,Inheritance should be abolished.
Should Inheritance be Abolished?,unknown,Money collected from inheritance should be redistributed to help society.
Should Inheritance be Abolished?,unknown,"1
It is unfair for those born to wealthy parents to have a better life than others without any effort."
Should Inheritance be Abolished?,pro,"2
In a free market, it should be the owner's right to choose where their money and properties go when they die."
Should Inheritance be Abolished?,con,"5
Abolishing inheritance would disincentivize the creation of wealth, as any wealth they create will be confiscated rather than being passed down."
Should Inheritance be Abolished?,unknown,It would be difficult to abolish inheritance.
Should Ukraine become a member of NATO?,unknown,"2
Ukraine should become a member of NATO."
Should Ukraine become a member of NATO?,unknown,"2
Joining NATO would pull Ukraine further away from Russia’s sphere of influence."
Should Ukraine become a member of NATO?,unknown,"7
Membership with NATO would significantly increase Ukraine’s international military backing."
Should Ukraine become a member of NATO?,unknown,"2
Ukraine has had a working partnership with NATO since 1991; therefore they should be allowed to join it."
Should Ukraine become a member of NATO?,unknown,"1
If Ukraine were to join NATO, most of Europe would be dragged into the war against Russia, due to Article 5 of the Washington Treaty."
Should Ukraine become a member of NATO?,pro,"9
Russia has claimed that the West broke a promise it made in the 1990s not to expand NATO."
Should Ukraine become a member of NATO?,unknown,"NATO expansion is itself wrong, and so neither Ukraine nor any other country should join it."
"Should the US remove Confederate memorials, flags, and monuments from public spaces?",con,"11
The US should remove Confederate memorials, flags, and monuments from public spaces."
"Should the US remove Confederate memorials, flags, and monuments from public spaces?",pro,"5
The statues can be kept without glorifying what they once stood for. They can be kept in museums with proper historical context rather than on a plinth to be admired."
"Should the US remove Confederate memorials, flags, and monuments from public spaces?",con,"25
The principal legacy of Confederate statues is white supremacy and slavery. Since this fundamentally conflicts with American values and ideas, they should be removed."
"Should the US remove Confederate memorials, flags, and monuments from public spaces?",con,"10
The Confederates committed treason against the United States. The United States should not continue to honor or memorialize them."
"Should the US remove Confederate memorials, flags, and monuments from public spaces?",unknown,"2
Public money should not be used to fund monuments that honor slavery."
"Should the US remove Confederate memorials, flags, and monuments from public spaces?",con,"2
It is too divisive in modern day America to continue to display these monuments from a painful part of American history."
"Should the US remove Confederate memorials, flags, and monuments from public spaces?",con,"7
The power to take down statues also is the power to control history and thus, to control the future."
"Should the US remove Confederate memorials, flags, and monuments from public spaces?",pro,"3
Removing or renaming Confederate memorials/monuments presents a slippery slope wherein eventually any memorial linked to the colonial era or other problematic legacies could be considered representative of oppression, and thus deserving of eradication."
"Should the US remove Confederate memorials, flags, and monuments from public spaces?",unknown,"12
Removal is the most drastic measure when there are more gentle alternatives."
"Should the US remove Confederate memorials, flags, and monuments from public spaces?",con,"10
Confederate monuments, flags and memorials honor an important part of the American story."
"Should the US remove Confederate memorials, flags, and monuments from public spaces?",con,"7
These statutes have been around for a very long time and no one has cared. They were uncontested earlier and therewith became a part of our society."
Should minors need parental consent for abortions?,con,"9
Parental consent should be required for pregnant minors to have abortions."
Should minors need parental consent for abortions?,pro,"6
Doctors require parental consent for most medications and procedures. Due to an abortion's long-lasting implications, it should not be an exception."
Should minors need parental consent for abortions?,unknown,"10
Parents have the right to know about any significant activity of their underage teens as they are responsible for them."
Should minors need parental consent for abortions?,pro,"17
Parents have far more life experience and can appropriately balance the disadvantages with advantages."
Should minors need parental consent for abortions?,con,"5
Parental consent should be required on conditions."
Should minors need parental consent for abortions?,unknown,"7
Pregnant minors have a right to bodily autonomy."
Should minors need parental consent for abortions?,con,"1
Parental consent laws might increase the number of unsafe or illegal abortions."
Should minors need parental consent for abortions?,con,"17
Parental consent requirements may further enable abusive relationships between parents and their children."
Should minors need parental consent for abortions?,con,"9
Parental consent laws may lead minors to travel for abortions in other jurisdictions, which may pose financial, legal and health risks."
Should Comprehensive Sex Education be Mandatory?,unknown,Comprehensive Sexual Education should not be mandatory in Liberal Democracies.
Should Comprehensive Sex Education be Mandatory?,con,"6
Mandatory comprehensive sex education will have unintended consequences."
Should Comprehensive Sex Education be Mandatory?,con,"It is unfair to force teachers to deliver content which may make them feel uncomfortable, or even actively contradict their beliefs."
Should Comprehensive Sex Education be Mandatory?,unknown,"8
Mandatory sexual education gives states, politicians, and institutions too much power as they can define what children need to know about sex or how to have sex."
Should Comprehensive Sex Education be Mandatory?,unknown,Mandatory comprehensive sexual education undermines parental authority.
Should Comprehensive Sex Education be Mandatory?,unknown,"7
CSE will be difficult to implement."
Should Comprehensive Sex Education be Mandatory?,unknown,"3
The state should not intervene in private matters."
Should Comprehensive Sex Education be Mandatory?,unknown,Abstinence-only education offers a set of unique benefits.
Should Comprehensive Sex Education be Mandatory?,unknown,"In lieu of comprehensive sex education in schools, children are likely to seek out information about sex from other, less reliable, sources."
Should Comprehensive Sex Education be Mandatory?,unknown,"5
Traditional narratives around sex often reinforce harmful gender stereotypes that comprehensive sexual education can help combat."
Should Comprehensive Sex Education be Mandatory?,unknown,"5
Comprehensive sexual education often leads to positive sexual health outcomes."
Should Comprehensive Sex Education be Mandatory?,unknown,"9
Schools are better placed than parents to deliver sex education."
Should Comprehensive Sex Education be Mandatory?,unknown,"5
Comprehensive sexual education can bring several social and cultural advantages."
Should Comprehensive Sex Education be Mandatory?,pro,"6
Comprehensive sex education from an early age is necessary to protect children from abuse."
Should Comprehensive Sex Education be Mandatory?,pro,"12
Comprehensive sexual education is necessary so people can fully exercise their reproductive and sexual rights."
Should Comprehensive Sex Education be Mandatory?,con,"5
Since education, as such, is mandatory in liberal democracies because it is a social and an economic good, then anything that is for the social and economic good should also be mandatory - otherwise, there is no reason for mandatory education, at all."
Should Governments Ever Limit Free Speech?,unknown,"13
Governments should not set policies that limit free speech."
Should Governments Ever Limit Free Speech?,pro,"5
Free speech is important for the progression of a country's politics and culture."
Should Governments Ever Limit Free Speech?,unknown,Free speech restrictions are likely to be abused by governments.
Should Governments Ever Limit Free Speech?,unknown,"3
Free speech is a fundamental human right."
Should Governments Ever Limit Free Speech?,unknown,"4
Unfettered free speech could cause mass misinformation."
Should Governments Ever Limit Free Speech?,pro,"7
Regulations on free speech protect individuals from unnecessary harm."
Should juveniles who commit violent crime be treated as adults in the criminal justice system?,unknown,Juveniles who commit violent crimes should be treated as adults in the criminal justice system.
Should juveniles who commit violent crime be treated as adults in the criminal justice system?,pro,"4
Treating juveniles who commit violent crimes as adults in the criminal justice system will encourage more serious punishment, therefore better protecting society from these offenders."
Should juveniles who commit violent crime be treated as adults in the criminal justice system?,unknown,"3
The age of the criminal makes no difference to the victim and their families, hence juveniles should not get special treatment."
Should juveniles who commit violent crime be treated as adults in the criminal justice system?,pro,"6
Nowadays, juveniles are used by syndicates to do crime because of their advantages on penalties. Reducing those advantages will dissuade the syndicates from using them by some degree. This shall be governed carefully to avoid moral problems to the juvenile."
Should juveniles who commit violent crime be treated as adults in the criminal justice system?,unknown,Juveniles who commit violent crimes should be held accountable for their actions.
Should juveniles who commit violent crime be treated as adults in the criminal justice system?,unknown,"If juveniles are treated as adults in the criminal justice system, they are likely to be incarcerated in adult prisons. This is dangerous for juveniles."
Should juveniles who commit violent crime be treated as adults in the criminal justice system?,unknown,"The criminal justice system should treat juveniles who commit violent crimes more leniantly, as this benefits society more."
Should pedophilia be classed as a sexual orientation?,unknown,"12
Pedophilia should be classed as a sexual orientation."
Should pedophilia be classed as a sexual orientation?,unknown,Classing pedophilia as a sexual orientation will reduce stigma and hatred faced by the community.
Should pedophilia be classed as a sexual orientation?,unknown,"Pedophilia refers to an innate and enduring pattern of attraction, which is the definition of sexual orientation."
Should pedophilia be classed as a sexual orientation?,pro,"32
Classing pedophilia as a mental disorder will ensure affected individuals receive appropriate treatment."
Should pedophilia be classed as a sexual orientation?,unknown,"13
Classing pedophilia as a sexual orientation will normalize something that is morally and legally reprehensible."
Is anarchy the only ethical system of society?,unknown,"15
Anarchy is the only ethical system of society."
Is anarchy the only ethical system of society?,unknown,"8
Coercion is unethical and governments are by nature coercive."
Is anarchy the only ethical system of society?,con,"5
Anarchy is flexible and is the best system to converge on rules desired by the people through a free market place of ideas."
Is anarchy the only ethical system of society?,con,"11
Anarchism allows for coexistence of societies/communities with a variety of organizational, political, and moral concepts - including non-anarchist ones."
Is anarchy the only ethical system of society?,unknown,"13
Governments violate natural rights that all persons possess. In anarchy those rights are realized."
Is anarchy the only ethical system of society?,unknown,"5
Anarchy hinders the centralization of power, allowing for a less stratified and more egalitarian society."
Is anarchy the only ethical system of society?,pro,"18
Humans are naturally ethical and anarchy provides them with the freedom to live ethically."
Is anarchy the only ethical system of society?,unknown,Government is a requirement for valuable cooperative endeavours that would be impossible in an anarchic society.
Is anarchy the only ethical system of society?,unknown,"2
An anarchist society would not work out in practice."
Is anarchy the only ethical system of society?,unknown,"12
Many people get hurt in anarchist societies who wouldn't get hurt under a stable government."
Is anarchy the only ethical system of society?,unknown,"9
Anarchy is the absence of order."
Is anarchy the only ethical system of society?,unknown,"13
A benevolent dictatorship is more ethical than anarchy."
Is keeping AI closed source safer and better for society than open sourcing AI?,unknown,"3
Keeping advanced AI innovations closed source is safer and better for society than completely open sourcing AI."
Is keeping AI closed source safer and better for society than open sourcing AI?,unknown,"Keeping AI closed-source allows for the implementation of robust safety measures before deployment, reducing the risk of accidents causing death or harm."
Is keeping AI closed source safer and better for society than open sourcing AI?,unknown,Keeping AI closed-source ensures that AI development remains focused on beneficial applications and not on those that could lead to human harm.
Is keeping AI closed source safer and better for society than open sourcing AI?,con,Keeping AI closed-source slows down the speed at which bad actors gain control of powerful technology.
Is keeping AI closed source safer and better for society than open sourcing AI?,unknown,"1
Keeping AI closed source gives us more time to address legal or security issues until release.
 Unsupported
Explanation? Data/source?"
Is keeping AI closed source safer and better for society than open sourcing AI?,unknown,"3
Algorithmic transparency is important and intransparency of the code is associated with many risks such as censorship, manipulation, bias, vulnerabilities, and so on. It is also required for explainable AI."
Is keeping AI closed source safer and better for society than open sourcing AI?,unknown,Open source AI means the AI will be more equitable and accessible since the costs will be lower.
Is keeping AI closed source safer and better for society than open sourcing AI?,unknown,Open-sourcing AI results in much larger dissemination and much wider knowledge about AI capabilities and dangers in the general public.
Is keeping AI closed source safer and better for society than open sourcing AI?,pro,"People's privacy and safety is better protected if e.g. medical professionals and non-profit organizations drive AI development and deployment, not commercial interests. Open source enables that."
Is keeping AI closed source safer and better for society than open sourcing AI?,unknown,Keeping AI innovations closed-source is not feasible.
Is keeping AI closed source safer and better for society than open sourcing AI?,unknown,Open source speeds up the development of AI systems that could save lives and benefit society and is a more efficient way of development.
Is keeping AI closed source safer and better for society than open sourcing AI?,unknown,Open sourcing software is better for its cybersecurity.
Is keeping AI closed source safer and better for society than open sourcing AI?,pro,"Open source promotes the development of AI systems that are transparent and aligned with human values, reducing the risk of AI-driven harm."
Is Capital Punishment in the United States justified?,unknown,"6
Capital punishment should be abolished in the United States."
Is Capital Punishment in the United States justified?,con,"9
The death penalty is often applied in an arbitrary, discriminatory, or inconsistent manner."
Is Capital Punishment in the United States justified?,unknown,The death penalty violates the norms we value as a society.
Is Capital Punishment in the United States justified?,pro,"7
The death penalty is not efficient in terms of costs and procedure."
Is Capital Punishment in the United States justified?,pro,"8
Capital punishment improves public safety."
Is Capital Punishment in the United States justified?,unknown,Some criminals deserve the death penalty due to the severity of their crimes.
Is Capital Punishment in the United States justified?,unknown,"8
The death of a criminal can give closure to the victim's families."
Should Florida Pass HB 887 (Guardianship)?,pro,"This bill revises guardianship laws, mandates public guardian rotation, sets minors' visitation rights, requires strong evidence to restrict contact, specifies power of attorney suspension protocols, and imposes periodic guardianship reevaluations"
Should Florida Pass HB 887 (Guardianship)?,unknown,Mandates periodic reassessment of the necessity for guardianship
Should Florida Pass HB 887 (Guardianship)?,unknown,Introduces jury oversight to bolster objectivity and fairness in certain decisions
Should Florida Pass HB 887 (Guardianship)?,pro,"HB 887 introduces rigorous safeguards to prevent exploitation and neglect within the guardianship system. It mandates detailed reporting and accountability from guardians, ensuring that they manage their wards' finances and well-being transparently. These measures aim to address issues of abuse and mismanagement that have plagued the current system. By enforcing stricter oversight, the bill will help protect vulnerable individuals from potential harm."
Should Florida Pass HB 887 (Guardianship)?,pro,Establishes clearer criteria and procedures for suspension of power of attorney
Should Florida Pass HB 887 (Guardianship)?,pro,Protects the rights of the family to contact and visit the ward.
Should Florida Pass HB 887 (Guardianship)?,unknown,Increases the transparency and accountability of guardianship arrangements
Should Florida Pass HB 887 (Guardianship)?,pro,"Could strain judicial resources with additional jury requirements
Click to see the pros and cons below this claim."
Should Florida Pass HB 887 (Guardianship)?,pro,May lead to more frequent court proceedings and disputes
Should Florida Pass HB 887 (Guardianship)?,unknown,Risk of reduced flexibility for courts in making decisions tailored to individual circumstances
Should Florida Pass HB 887 (Guardianship)?,con,Possible increased contention among family members due to formalized visitation rights and power of attorney decisions
Should Florida Pass HB 887 (Guardianship)?,pro,Potentially increases legal complexity and procedural burdens
Should the use of AI in law be welcomed?,unknown,The use of AI in law should be welcomed.
Should the use of AI in law be welcomed?,pro,"AI is less susceptible to errors than human beings. In a legal context, this has the potential to prevent miscarriages of justice.
Click to see the pros and cons below this claim."
Should the use of AI in law be welcomed?,unknown,"10
By integrating AI into their practices, legal services would likely become more efficient and cost-effective."
Should the use of AI in law be welcomed?,unknown,AI systems are a security risk and therefore cannot be trusted with sensitive legal information.
Should the use of AI in law be welcomed?,pro,"The automation of the legal practice should not be encouraged, as it poses a significant threat to the livelihoods of legal professionals."
Should Organ Donation be Mandatory?,unknown,Organ donation should be mandatory.
Should Organ Donation be Mandatory?,unknown,"4
Mandatory organ donation would help mitigate the currently critical global organ shortage, which would bring significant benefits."
Should Organ Donation be Mandatory?,unknown,"16
Universal and mandatory organ donation is a moral good."
Should Organ Donation be Mandatory?,unknown,"7
Mandatory organ donation infringes upon a person's bodily autonomy."
Should Organ Donation be Mandatory?,unknown,"10
Mandatory organ donation goes against many religious or cultural beliefs and traditions."
Should Conduct in Virtual Reality be Subject to the Laws of the Real World?,unknown,"7
If fully immersive virtual reality is developed, it should be subject to all of our existing laws."
Should Conduct in Virtual Reality be Subject to the Laws of the Real World?,pro,"4
Actions in virtual reality can have profound psychological consequences."
Should Conduct in Virtual Reality be Subject to the Laws of the Real World?,pro,"10
Activities exclusive to virtual economies should be afforded the same set of protections as those in the real economy."
Should Conduct in Virtual Reality be Subject to the Laws of the Real World?,con,Actions can be immoral and harmful to the point of illegality —  even if they do not have physical consequences.
Should Conduct in Virtual Reality be Subject to the Laws of the Real World?,unknown,Allowing crimes to be performed in virtual reality will encourage those same crimes in reality.
Should Conduct in Virtual Reality be Subject to the Laws of the Real World?,unknown,"9
Fewer people will enter virtual realities if they believe that they can be subject to crime without legal recourse."
Should Conduct in Virtual Reality be Subject to the Laws of the Real World?,con,"9
Virtual realities allow people to easily conduct crimes of a far greater magnitude than is possible in the real world."
Should Conduct in Virtual Reality be Subject to the Laws of the Real World?,unknown,"10
Virtual realities can depict fantastic scenarios. To impose laws on these realities defeats their purpose and curtails the power of fictional experiences."
Should Conduct in Virtual Reality be Subject to the Laws of the Real World?,unknown,"6
Each virtual reality should be free to define and enforce its own laws independently; there is no need for overarching regulations."
Should Conduct in Virtual Reality be Subject to the Laws of the Real World?,con,"3
If a particular virtual reality allows for crimes to be performed, users have consented to that possibility."
Should Conduct in Virtual Reality be Subject to the Laws of the Real World?,unknown,"Without physical effects, large portions of the criminal code do not make sense to enforce."
Should Conduct in Virtual Reality be Subject to the Laws of the Real World?,unknown,"13
Laws enforced in the real world cannot be directly translated to a virtual reality, since the laws of nature within the fictional reality will fundamentally change the meaning of each law."
Should Florida Pass SB 1178 (Condominium and Cooperative Associations)?,pro,"This bill regulates condo/co-op associations, entails manager/disclosure rules, mandates record return on contract end with penalties for noncompliance, and dictates conflict of interest protocols."
Should Florida Pass SB 1178 (Condominium and Cooperative Associations)?,pro,"Disputes between residents and associations can often lead to prolonged conflicts and dissatisfaction. SB 1178 addresses this issue by introducing improved dispute resolution mechanisms. The bill provides for mediation and arbitration processes to resolve conflicts more efficiently and fairly. By streamlining these processes, SB 1178 aims to reduce the need for costly and time-consuming legal battles, fostering a more harmonious community environment.
Click to see the pros and cons below this claim."
Should Florida Pass SB 1178 (Condominium and Cooperative Associations)?,unknown,"Encourages competitive bidding, likely resulting in financial savings."
Should Florida Pass SB 1178 (Condominium and Cooperative Associations)?,pro,Requires conflict of interest disclosures to protect association interests.
Should Florida Pass SB 1178 (Condominium and Cooperative Associations)?,con,"Implements consequences for the non-return of records, ensuring accountability."
Should Florida Pass SB 1178 (Condominium and Cooperative Associations)?,unknown,Sets out clear guidelines for the return of association records.
Should Florida Pass SB 1178 (Condominium and Cooperative Associations)?,con,Enforces transparency among condo/co-op association managers.
Should Florida Pass SB 1178 (Condominium and Cooperative Associations)?,con,May lead to cancellation of beneficial contracts due to strict compliance requirements.
Should Florida Pass SB 1178 (Condominium and Cooperative Associations)?,pro,Requires associations to navigate more complex contract approval processes.
Should Florida Pass SB 1178 (Condominium and Cooperative Associations)?,con,"The presumption of conflict may unfairly affect managers with non-disclosed, but non-material, conflicts."
Should Florida Pass SB 1178 (Condominium and Cooperative Associations)?,unknown,Could lead to increased disputes regarding compliance with the new regulations.
Should Florida Pass SB 1178 (Condominium and Cooperative Associations)?,unknown,Potentially increases administrative burden for association managers.
Is Vigilantism Ever Permissible?,unknown,"11
Vigilantism is permissible."
Is Vigilantism Ever Permissible?,pro,"1
When the state and its organs prove incapable of providing justice to the people, it is necessary for some other group to step up and provide said justice."
Is Vigilantism Ever Permissible?,pro,"1
Communities would feel safer knowing that a group has protectors hiding in plain sight, in their community."
Is Vigilantism Ever Permissible?,unknown,Vigilantism can free up public funds for other purposes than law enforcement.
Is Vigilantism Ever Permissible?,unknown,Pursuing vigilantism may encourage more violence and crime.
Is Vigilantism Ever Permissible?,con,"4
Taking charge of the law means challenging the state’s capacity to implement law and order. Since this capacity is ultimately based on coercion, vigilantism can be considered as challenging the state’s monopoly on legitimate violence."
Is Vigilantism Ever Permissible?,unknown,It is morally wrong to decide punishment without the judicial system.
Is Gender a Social Construct?,con,"59
Gender is a social construct."
Is Gender a Social Construct?,con,"36
Gender is a social construct because its features are fluid and change throughout time and across societies."
Is Gender a Social Construct?,con,"7
Gender is constructed to uphold hierarchical social structures and would not exist otherwise."
Is Gender a Social Construct?,unknown,"14
Gender is determined by the biological features associated with one's sex."
Is Gender a Social Construct?,unknown,"4
There are clear sex-based differences in the behaviours of men and women."
Is Gender a Social Construct?,unknown,"12
According to the three largest monotheistic religions' scriptures, God created men and women as different and complementary."
Is Opposite Sex Parenting Preferable to Same-Sex Parenting?,unknown,"4
Opposite sex parenting is preferable to same-sex parenting."
Is Opposite Sex Parenting Preferable to Same-Sex Parenting?,pro,"A husband and wife can impart significantly more knowledge and wisdom, as they differ more in perspectives, procedures, relationship, and relatability than a homosexual couple."
Is Opposite Sex Parenting Preferable to Same-Sex Parenting?,unknown,"8
Children should have role models from both sexes."
Is Opposite Sex Parenting Preferable to Same-Sex Parenting?,unknown,"1
Children with same-sex parents may get excluded and bullied."
Is Opposite Sex Parenting Preferable to Same-Sex Parenting?,unknown,"4
Men and women have different parenting styles. Having only one is missing out on the other."
Is Opposite Sex Parenting Preferable to Same-Sex Parenting?,unknown,"15
Parenting depends on the parents' method, not their gender or sexuality. It all comes down to how one can effectively help a child, and no gender or sexual orientation has an instinctive leg up."
Is Opposite Sex Parenting Preferable to Same-Sex Parenting?,unknown,"2
Studies show that same-sex parents are just as successful at maintaining healthy relationships with their children."
Is Opposite Sex Parenting Preferable to Same-Sex Parenting?,unknown,Studies show that children of gay and lesbian parents do at least as well in school.
Is Opposite Sex Parenting Preferable to Same-Sex Parenting?,pro,"1
Same sex couples are generally more prepared to be good parents and provide a loving and stable home than opposite sex couples."
Is Opposite Sex Parenting Preferable to Same-Sex Parenting?,con,Same-sex parents are more likely to raise compassionate and politically/socially involved children who concern themselves with creating a fairer world.
Should all religions be banned on a global scale?,unknown,"15
All religions should be banned on a global scale."
Should all religions be banned on a global scale?,pro,"10
Religion has been an obstacle to social progress."
Should all religions be banned on a global scale?,unknown,"2
Religious belief is not grounded in fact, and therefore should be banned."
Should all religions be banned on a global scale?,con,"3
Religion is the primary cause of conflict around the world."
Should all religions be banned on a global scale?,unknown,Faith Discourages Critical Thinkin
Should all religions be banned on a global scale?,con,Religion is used to instill psychological control through guilt and fear.
Should all religions be banned on a global scale?,unknown,"17
Banning religion violates an individual's fundamental human rights."
Should all religions be banned on a global scale?,unknown,"3
It is not practically feasible to ban religion."
Should all religions be banned on a global scale?,unknown,"13
Religion is beneficial to people on an individual level."
Should general AI have fundamental rights?,unknown,"40
Fundamental rights should be extended to general AI (AGI)."
Should general AI have fundamental rights?,unknown,"16
As members of society, AGI should be legally granted fundamental rights."
Should general AI have fundamental rights?,unknown,"12
AGI should be granted fundamental rights by virtue of their capacity for thought and reason."
Should general AI have fundamental rights?,unknown,Fundamental rights should not be extended to AGI because AGI will likely not need fundamental rights.
Should general AI have fundamental rights?,unknown,"15
Fundamental rights should not be extended to AGI, because AGI without rights would be safer and more useful for humans."
Should every country be ethno-nationalist?,unknown,"2
Every country should be ethno-nationalist."
Should every country be ethno-nationalist?,unknown,Ethno-nationalism helps preserve a nation's culture and traditions.
Should every country be ethno-nationalist?,unknown,It is easier for a state to function with an ethnically homogeneous population.
Should every country be ethno-nationalist?,unknown,"2
An ethno-nationalist state system would halt the importation of slave-tier labour from the third world countries."
Should every country be ethno-nationalist?,unknown,"3
Ethno-nationalist states would help preserve human biodiversity."
Should every country be ethno-nationalist?,unknown,"29
Ethno-nationalist governments are inherently less susceptible to corruption and tyranny."
Should every country be ethno-nationalist?,unknown,"3
Race and ethnicity are superficial demarcations with no objective method of determination."
Should every country be ethno-nationalist?,unknown,The means of accomplishing an ethno-nationalist state system would be immoral.
Should every country be ethno-nationalist?,con,Ethno-nationalism would be detrimental to the economy of the nation.
Should every country be ethno-nationalist?,unknown,"Countries that accept other ethnicities flourish, such as the USA, China or Prussia."
Is it okay to physically torture prisoners?,unknown,"3
Physical torture of prisoners is an acceptable interrogation tool."
Is it okay to physically torture prisoners?,unknown,Torture can help force prisoners to reveal information that could prevent attacks and save lives.
Is it okay to physically torture prisoners?,con,"20
Torture could act as an excellent deterrent. Knowing torture is acceptable is likely to make individuals reconsider actions that leave them vulnerable to it."
Is it okay to physically torture prisoners?,pro,"4
The beneficial insights into human physiology and psychology revealed in the process of torture help justify its application."
Is it okay to physically torture prisoners?,unknown,"If torture is allowed, then it could easily be misused or performed in excess."
Is it okay to physically torture prisoners?,unknown,"8
The sanctioning of torture has deleterious effects on a country's government and culture."
Is it okay to physically torture prisoners?,unknown,"5
It is morally wrong to harm a defenseless person."
Is it okay to physically torture prisoners?,unknown,"15
International and domestic laws are against the use of torture."
Should graphic warning images be removed from cigarette packaging?,unknown,Graphic warning images on cigarette packaging should be removed.
Should graphic warning images be removed from cigarette packaging?,unknown,Putting graphic images on cigarette packaging is an ineffective means of encouraging smokers to quit.
Should graphic warning images be removed from cigarette packaging?,unknown,The forced inclusion of warning images onto cigarette packages restricts competition and violates freedom of choice.
Should graphic warning images be removed from cigarette packaging?,pro,The inclusion of graphic images helps to improve outcomes for both smokers and non-smokers.
Should graphic warning images be removed from cigarette packaging?,unknown,The images help to educate smokers and non-smokers on the dangers of smoking.
Is Science Akin To Religion?,unknown,"204
Science is akin to religion."
Is Science Akin To Religion?,unknown,"2
Science and religion both need belief in something that you do not personally understand to function"
Is Science Akin To Religion?,unknown,"30
Science and religion are similar in that both have been used to explain the origin of man."
Is Science Akin To Religion?,unknown,"3
Science is being turned into a religion by the people who have the urge to believe things rather than to understand them. Science per se' is based only on verifiable and measurable observations of the nature, but nowadays too many religious people are tainting science with their belief-based view of the world, suppressing the scientific curiosity and fundamentals, which are the defining points of difference."
Is Science Akin To Religion?,unknown,"49
Religion and science both mispredict."
Is Science Akin To Religion?,unknown,"15
Science and religion both use personal experience as a means to understand existence."
Is Science Akin To Religion?,unknown,"1
Yes, science is Akin to religion .. religion is the teachings of God, the creator, to tell us the way of life that is best useful to us and that He likes to humanity .. God almighty created everything in the universe .. the scientific principles and laws that governs the universe and every creature and the relationships of all creatures are all set by the creator Himself .. So, science is 100% akin to the right religion .."
Is Science Akin To Religion?,unknown,"33
Both religion and science have dogmas."
Is Science Akin To Religion?,con,"Science typically acknowledges questions it can't answer instead of putting forward answers as the truth, most likely truth or a good thing to believe in. There are many open questions in science such as what dark matter is. In science, belief, especially strong belief, has a negative connotation while religions consider it a virtue."
Is Science Akin To Religion?,con,"19
Science is highly dynamic and constantly evolving; religions are usually static and conservatory."
Is Science Akin To Religion?,unknown,"31
Unlike religion, science is based on evidence and experimentation, which is a more reliable methodology for attaining truth."
Is Science Akin To Religion?,pro,"4
Science has a very high success rate in estimating the outcome of its predictions which are proven by technology inventions improving lives. No religion could demonstrate its predictions with that kind of accuracy or success rate."
Is Science Akin To Religion?,unknown,"2
There exist many kinds of different religions, some are akin to science, and some are not."
Is Science Akin To Religion?,unknown,"16
Science and religion serve different functions in society."
Is Science Akin To Religion?,unknown,"16
Surveying definitions of religion shows a focus on divinity and spirituality, which are not present in Western science at all."
Is Science Akin To Religion?,unknown,"4
Integral Theory by Ken Wilber is an excellent description of the relation between Science and Religion."
Is Science Akin To Religion?,pro,"4
Religion is based on fantasy and huge leaps of faith. Science is provable by justifiable facts. Gravity is caused by the mass of objects, fact. God exists, fantasy."
Should Florida Pass HB 1431 (International Drug Reference Pricing)?,pro,"This bill imposes international price benchmarking for prescription drugs from 2025, promises lower costs for patients/payers, demands reporting, and enforces fines for noncompliance."
Should Florida Pass HB 1431 (International Drug Reference Pricing)?,pro,"The rising cost of prescription drugs is a significant driver of overall health care expenses. By reducing drug prices through HB 1431, Florida can contribute to the broader goal of controlling health care costs and ensuring the sustainability of health care systems. Lower drug costs can alleviate financial pressure on both individual patients and public health programs, leading to more sustainable and efficient health care delivery.
Click to see the pros and cons below this claim."
Should Florida Pass HB 1431 (International Drug Reference Pricing)?,pro,Annual reporting and monitoring could provide data for further healthcare financial reforms.
Should Florida Pass HB 1431 (International Drug Reference Pricing)?,unknown,"Aligns drug prices with those in international markets, potentially preventing exorbitant pricing."
Should Florida Pass HB 1431 (International Drug Reference Pricing)?,unknown,Might reduce out-of-pocket expenses and insurance premiums.
Should Florida Pass HB 1431 (International Drug Reference Pricing)?,unknown,Encourages transparency in prescription drug pricing.
Should Florida Pass HB 1431 (International Drug Reference Pricing)?,con,Can potentially lower drug costs for consumers.
Should Florida Pass HB 1431 (International Drug Reference Pricing)?,unknown,Potential for market disruption that might impact drug availability or increase black market activity.
Should Florida Pass HB 1431 (International Drug Reference Pricing)?,unknown,Implementation complexity could lead to administrative overhead.
Should Florida Pass HB 1431 (International Drug Reference Pricing)?,pro,Risk of reduced profits might discourage drug companies' investment in innovation.
Should Florida Pass HB 1431 (International Drug Reference Pricing)?,unknown,"Excludes countries with single-payer systems, which may lead to a limited benchmark."
Should Florida Pass HB 1431 (International Drug Reference Pricing)?,unknown,May lead to compliance burdens and fines for pharmaceutical companies.
Is the Gulabi Gang a force for good in India?,unknown,The Gulabi Gang is a force for good in India.
Is the Gulabi Gang a force for good in India?,pro,"1
The Gulabi Gang provides an effective platform to bring systematic change to India."
Is the Gulabi Gang a force for good in India?,pro,"7
Apart from its efforts to combat sexual violence, the Gulabi Gang is also helping women cope with the day-to-day problems that they face in a sexist society."
Is the Gulabi Gang a force for good in India?,unknown,The Gulabi Gang creates an active deterrence against rape and sexual violence through the use of group violence against any known rapists and harassers.
Is the Gulabi Gang a force for good in India?,unknown,"1
The Gulabi Gang leads to backlash against feminism and women."
Is the Gulabi Gang a force for good in India?,unknown,The Gulabi Gang undermines the rule of law by virtue of being a vigilante organization which takes justice into its own hands.
Should Men Pay Child Support When Abortion is Legal?,unknown,"16
Men should not be forced to pay child support if abortion is a woman's right."
Should Men Pay Child Support When Abortion is Legal?,unknown,"22
Men and women should have an equal right to opt in to parenthood."
Should Men Pay Child Support When Abortion is Legal?,unknown,"4
Mandatory child support reinforces antiquated gender stereotypes."
Should Men Pay Child Support When Abortion is Legal?,unknown,"7
Mandatory child support allows women to use men for money."
Should Men Pay Child Support When Abortion is Legal?,unknown,"Unplanned Pregnancies have negative Long-Term Implications for Mother-Child Relationships and, thus, should not be financially encouraged."
Should Men Pay Child Support When Abortion is Legal?,unknown,Child support to a woman for after an unwanted pregnancy denies her the opportunity to learn responsibility and be accountable for her decision.
Should Men Pay Child Support When Abortion is Legal?,unknown,"4
Child support balances the rights of the mother, father and child."
Should Men Pay Child Support When Abortion is Legal?,unknown,"4
Mandatory child support ensures men are held responsible for their sexual behavior."
Should Men Pay Child Support When Abortion is Legal?,unknown,"3
Child support can help ease the burden on the state and the taxpayer."
Should humans procreate?,pro,Humans should not procreate.
Should humans procreate?,unknown,"3
Existence has a negative ethical value."
Should humans procreate?,con,"14
Every human puts a great strain on the environment through consumption."
Should humans procreate?,pro,"2
Procreating is selfish."
Should humans procreate?,pro,"1
Procreation comes with great risks for the mother."
Should humans procreate?,unknown,"2
Child rearing is stressful and expensive."
Should humans procreate?,pro,"6
Not procreating will ultimately lead to human extinction and this is a bad thing."
Should humans procreate?,pro,"4
Humans have a right to determine what happens to their bodies. Procreation is one such choice."
Should humans procreate?,pro,Procreation is in our nature.
Should humans procreate?,pro,"3
Procreating brings joy and security to parents."
Should Western nations roll back all personnel and aid from Niger following the coup?,unknown,"1
Western nations should roll back all personnel and aid from Niger following the coup."
Should Western nations roll back all personnel and aid from Niger following the coup?,unknown,Western nations bear a moral obligation to withhold support from countries that violate democratic principles.
Should Western nations roll back all personnel and aid from Niger following the coup?,unknown,It's essential for Western nations to withdraw from Niger to safeguard their investments and the lives of their personnel.
Should Western nations roll back all personnel and aid from Niger following the coup?,unknown,Maintaining a presence in Niger aligns with the West's geopolitical interests.
Should Western nations roll back all personnel and aid from Niger following the coup?,unknown,"2
Maintaining Western presence and assistance in Niger will be of great benefit to the Nigerien public."
Is LeBron James better than Michael Jordan?,unknown,"7
LeBron James is better than Michael Jordan."
Is LeBron James better than Michael Jordan?,unknown,LeBron James has been more successful with inferior coaching and teammates.
Is LeBron James better than Michael Jordan?,con,"2
LeBron James has had a longer and more consistent NBA career than Michael Jordan."
Is LeBron James better than Michael Jordan?,unknown,LeBron is a better person off-the-court than Jordan.
Is LeBron James better than Michael Jordan?,unknown,"Overall, Michael Jordan has more awards and better stats than LeBron James."
Is LeBron James better than Michael Jordan?,unknown,Michael Jordan has had a greater cultural impact than LeBron James.
Is LeBron James better than Michael Jordan?,unknown,The NBA was a tougher league to play in during the Jordan era.
Should European Monarchies Be Abolished?,unknown,"2
European monarchies should be abolished."
Should European Monarchies Be Abolished?,unknown,"18
Monarchy is fundamentally opposed to democratic principles.
 Unclear
child claims need to be refined."
Should European Monarchies Be Abolished?,unknown,"3
Monarchy creates social and class divisions."
Should European Monarchies Be Abolished?,unknown,"18
Monarchies no longer have real power and therefore are unnecessary."
Should European Monarchies Be Abolished?,con,Monarchy is an outdated concept.
Should European Monarchies Be Abolished?,unknown,"5
Monarchies are costly."
Should European Monarchies Be Abolished?,unknown,"5
Monarchy has a historic and cultural value that should be preserved."
Should European Monarchies Be Abolished?,unknown,"3
The monarch is a symbol of national pride and national unity."
Should European Monarchies Be Abolished?,unknown,Monarchy is a stable form of government.
Should European Monarchies Be Abolished?,unknown,"8
Monarchs are more effective political figures than elected executives."
Should European Monarchies Be Abolished?,unknown,"4
Monarchies are the best political systems in order to guarantee freedom and democracy."
Is Having Children Selfish?,unknown,"7
Having a Child is Selfish."
Is Having Children Selfish?,unknown,"3
Having children is bad for the environment, and placing one's desire for a child over the Earth's ecology is selfish."
Is Having Children Selfish?,unknown,"8
Having a child is selfish as it places a burden on others in society."
Is Having Children Selfish?,con,"4
There can be a selfish economic motivation behind having children."
Is Having Children Selfish?,con,Having a child involves considerable sacrifice on the part of parents. It is a more selfless than selfish decision.
Is Having Children Selfish?,unknown,"2
Humanity has a moral obligation to ensure the survival of the human race."
Is Having Children Selfish?,unknown,"5
There is a religious obligation to have children, as doing so ensures the survival of the faith."
Should Referendums Be Abolished?,unknown,"21
Democracies should not use referendums for policy decisions."
Should Referendums Be Abolished?,unknown,"12
Complex and potentially irreversible decisions are oversimplified by framing issues in the binary and asking voters to choose just one or the other."
Should Referendums Be Abolished?,pro,"6
The average citizen, unlike a professional politician, is not able to make well-grounded decisions about complex political subject matters."
Should Referendums Be Abolished?,unknown,"2
Referendums can lead to a tyranny of the majority."
Should Referendums Be Abolished?,unknown,"29
Referendums give more political influence to the media, actors who lack the legitimacy of elected representatives."
Should Referendums Be Abolished?,unknown,"15
Referendums create or deepen political divisions within a society."
Should Referendums Be Abolished?,unknown,"15
Referendums create enormous costs for a variety of actors."
Should Referendums Be Abolished?,unknown,"7
Referendums are inefficient and time-intensive."
Should Referendums Be Abolished?,unknown,"3
It is Incredibly difficult to tell when public opinion has shifted to the point where another referendum on an issue should be held. Therefore the standard as to how binding past referendums are is ambiguous."
Should Referendums Be Abolished?,unknown,"38
Referendums strengthen the voters' position and therefore the foundation of democratic systems."
Should Referendums Be Abolished?,unknown,"25
Referendums encourage more popular political engagement."
Should Referendums Be Abolished?,unknown,Referendums are an effective measure to reduce the influence of private interests and lobbying.
Should Referendums Be Abolished?,unknown,"20
The people, as the sovereign, must have the right to directly influence political decisions."
Should Referendums Be Abolished?,pro,"38
Referendums provide a way to settle contentious issues when elected officials are unable to make a decision."
Should Referendums Be Abolished?,con,"Referendums for policy decisions should be an option, but their use should be constrained, with high thresholds to get on the ballot and constraints on the types of policies they can control."
Should Referendums Be Abolished?,unknown,"21
Decisions taken via referendums tend to be perceived as more legitimate and find more acceptance in the population than decisions derived in other ways."
Should homeschooling be banned?,unknown,"9
Homeschooling should be banned."
Should homeschooling be banned?,unknown,"4
Homeschooling deprives children of an important environment for socializing."
Should homeschooling be banned?,con,"11
Homeschooling can make children more vulnerable to abuse and other harmful situations, preventing them from continuing their education later in life."
Should homeschooling be banned?,unknown,"8
Homeschooling harms the relationship between families and the community at large."
Should homeschooling be banned?,unknown,"20
A ban on homeschooling would infringe upon the basic rights and freedoms of parents."
Should homeschooling be banned?,pro,Homeschooling can improve the academic attainment of many students.
Should homeschooling be banned?,unknown,"13
A ban on homeschooling would be difficult or even impossible to enforce."
Should mobile phones be used in the classroom?,unknown,Mobile phones should be used in the classroom.
Should mobile phones be used in the classroom?,unknown,"2
Access to mobile phones enables students to easily record and document important data for future study."
Should mobile phones be used in the classroom?,pro,"3
Mobile phones are a good way of providing easy access to learning resources."
Should mobile phones be used in the classroom?,unknown,"As the world is moving towards environment-friendly initiatives, the use of mobile phones in the classroom will help the environment."
Should mobile phones be used in the classroom?,unknown,Permitting mobile phone usage in the classroom would be detrimental to the social development of students.
Should mobile phones be used in the classroom?,unknown,"10
Using mobile phones in the classroom would lead to an increase in distractions and interruptions."
Should mobile phones be used in the classroom?,unknown,"9
Relying on mobile phone usage in classroom activities would be unfair."
Should There Be Religious Exemptions To The Law?,unknown,"14
There should not be religious exemptions to the law."
Should There Be Religious Exemptions To The Law?,unknown,"2
Law should judge everyone equally."
Should There Be Religious Exemptions To The Law?,unknown,"1
If a law can be subverted for religious reasons, the law should be changed to allow non-religious people to operate in the same manner as their religious counterparts."
Should There Be Religious Exemptions To The Law?,unknown,"2
Religion is arbitrary. What is acceptable by one religion may not be acceptable by another one and only laws made without using religion as it's basis can offer true freedom."
Should There Be Religious Exemptions To The Law?,con,"6
For citizens in the US, this violates the First Amendment: ""Congress shall make no law respecting an establishment of religion""."
Should There Be Religious Exemptions To The Law?,unknown,"13
Exemptions should not be absolute, as it depends on which laws are being defined."
Should There Be Religious Exemptions To The Law?,con,"4
Laws have been created from religious right and wrongs. It would undermine their creation to ignore religion when contemplating the law."
Should There Be Religious Exemptions To The Law?,pro,"2
Laws are created to protect our society and so if we create religious exemptions to our laws then we are not protecting our society but instead creating precedent for overruling any law that goes against our individual core beliefs."
Should There Be Religious Exemptions To The Law?,unknown,"1
Religious exemption apply when there isn't a compelling state interest (health and safety during an epidemic) that must be met. That's enough reason to violate freedom of religion. Is Mandatory Vaccination Legal in Time of Epidemic?"
Should There Be Religious Exemptions To The Law?,pro,"1
The purpose of the law is to protect the rights of the citizens. So long as no one's rights are being violated, there are no good reasons to not have religious exemptions."
Should There Be Religious Exemptions To The Law?,con,"13
Freedom of religion and conscience is a fundamental human right which no ruler, representative or monarch, can abrogate."
Should There Be Religious Exemptions To The Law?,unknown,"3
Adherence to the law in secular governments should be dictated by secular ideals."
Should There Be Religious Exemptions To The Law?,con,"3
Exemptions help the state avoid unnecessary confrontations with its citizens."
Should There Be Religious Exemptions To The Law?,unknown,"3
This makes it possible for the government to harass certain religions."
Should There Be Religious Exemptions To The Law?,unknown,"2
Religious law and civil law are not mutually exclusive."
Should There Be Religious Exemptions To The Law?,unknown,"8
Religious exemptions are eventually extended to all, which creates a more open and tolerant society."
Should There Be Religious Exemptions To The Law?,con,"2
Religious exemptions arise when the law compels people to do something many do not want to do. The exemptions are an acknowledgement that other forces also compel people's actions creating unresolveable conflict."
Should Routine Childhood Vaccines Be Mandatory?,unknown,"14
Routine childhood vaccination against preventable diseases should be mandatory worldwide."
Should Routine Childhood Vaccines Be Mandatory?,unknown,"3
Vaccinations reduce the need to treat diseases with antibiotics, lowering the chances of antibiotic resistance mutations."
Should Routine Childhood Vaccines Be Mandatory?,unknown,"1
Compulsory vaccinations would reduce the prevalence of diseases."
Should Routine Childhood Vaccines Be Mandatory?,unknown,"In a civilized society, the needs of the many should, at times when the impact is greatest, be above the needs of the few or individual. Eradicating or limiting a disease by use of vaccinations is for the greater good of society."
Should Routine Childhood Vaccines Be Mandatory?,pro,"If diseases like smallpox and polio were eradicated, doctors could be trained for progressive medicine and new discoveries in medicine rather than having to still learn about old treatments for diseases that could long be gone."
Should Routine Childhood Vaccines Be Mandatory?,pro,"2
Mandating childhood vaccines ensure that parents choices do not compromise child well-being later in life."
Should Routine Childhood Vaccines Be Mandatory?,con,"9
The creation and testing of vaccines conflicts with animal rights."
Should Routine Childhood Vaccines Be Mandatory?,unknown,"1
Mandatory vaccination is a breach into individual liberty."
Should Routine Childhood Vaccines Be Mandatory?,unknown,"16
Mandatory vaccinations open us (completely) up to the potential corruption of pharmaceutical companies."
Should Routine Childhood Vaccines Be Mandatory?,unknown,"3
There could be negative health impacts for those who are vaccinated."
Should Routine Childhood Vaccines Be Mandatory?,pro,"2
Rendering vaccines mandatory does not necessarily represent a cost-effective way of improving public health in all countries."
Should Routine Childhood Vaccines Be Mandatory?,unknown,"1
Making this mandatory would adversely affect the physician-patient relationship."
Should Routine Childhood Vaccines Be Mandatory?,unknown,"7
Vaccines are not sufficiently effective to justify making them mandatory."
Should the Bible be considered a historical document?,con,"7
The Bible should be considered a historical document."
Should the Bible be considered a historical document?,unknown,Other historical sources back up claims made in the Bible.
Should the Bible be considered a historical document?,unknown,Archaeological evidence supports a number of claims made within the Bible.
Should the Bible be considered a historical document?,unknown,"2
The Bible is a more reliable source than other sources written during the same time period."
Should the Bible be considered a historical document?,con,"3
The Bible fails to meet the criteria needed for it to be considered a historical source."
Should the Bible be considered a historical document?,con,"8
The Bible contains many contradictions and inconsistencies. These contradictions and inconsistencies make it difficult to rely on the Bible as a historical document."
Should the Bible be considered a historical document?,unknown,"12
The Bible was not written to be a historical document."
Should the Bible be considered a historical document?,unknown,"4
Many of the claims from the Bible cannot be explained by modern science's understanding of how the universe works."
Should the US Pay Reparations for Slavery?,unknown,"35
The US should pay reparations for slavery."
Should the US Pay Reparations for Slavery?,unknown,The US has a collective moral responsibility to pay reparations to those harmed by the legacy of slavery.
Should the US Pay Reparations for Slavery?,con,Descendants of slaves continue to be disadvantaged by the legacy of slavery. Those who perpetrated it are still benefitting. Reparations would remedy this harm.
Should the US Pay Reparations for Slavery?,pro,"6
The US government paying reparations would create new domestic and international political problems which could have grave consequences for all Americans."
Should the US Pay Reparations for Slavery?,con,"18
Paying reparations would cause economic harms to all Americans."
Should gender reassignment procedures for minors be allowed?,pro,"7
Gender reassignment procedures for minors should be allowed."
Should gender reassignment procedures for minors be allowed?,pro,"25
Gender-affirming procedures should be provided as early as possible to optimize benefits."
Should gender reassignment procedures for minors be allowed?,unknown,"9
Minors should have a right to irreversibly affirm their gender identity, without state involvement, through surgery."
Should gender reassignment procedures for minors be allowed?,con,"19
Minors are not developmentally equipped to consent to major life decisions such as gender-affirming surgery."
Should gender reassignment procedures for minors be allowed?,pro,"16
Minors should be prohibited from permanent gender-affirming procedures; instead, temporary procedures should be preferred."
Should the US Government commit to a Green New Deal?,unknown,The US Government should commit to a Green New Deal.
Should the US Government commit to a Green New Deal?,con,"The Green New Deal would decarbonise the US economy by 2030, which is necessary to address the growing crisis posed by climate change."
Should the US Government commit to a Green New Deal?,unknown,"The US Government must follow the will of the American people, who support the Green New Deal."
Should the US Government commit to a Green New Deal?,con,"11
The Green New Deal would benefit workers struggling in the current economy."
Should the US Government commit to a Green New Deal?,con,"3
The Green New Deal envisions much greater federal involvement in the market economy. However, this is unjustified because the federal government should have minimal involvement in the market."
Should the US Government commit to a Green New Deal?,con,The Green New Deal would hurt the US economy.
Is Egalitarianism a better alternative than Feminism?,unknown,"21
Egalitarianism is a better alternative than Feminism."
Is Egalitarianism a better alternative than Feminism?,unknown,"1
Egalitarianism as a term includes all people and all marginalized groups."
Is Egalitarianism a better alternative than Feminism?,pro,"2
Egalitarianism promotes our shared humanity."
Is Egalitarianism a better alternative than Feminism?,unknown,"5
Feminism is becoming increasingly unpopular among women."
Is Egalitarianism a better alternative than Feminism?,unknown,"33
Feminism is already a strand of egalitarianism. As such, characterising them as alternatives is misleading."
Is Egalitarianism a better alternative than Feminism?,unknown,"1
It's difficult to ascertain whether an Egalitarianist movement would be better, as most rebuttals to Feminism are not about its definitions or ideals, but how it is carried out in practice."
Is Egalitarianism a better alternative than Feminism?,unknown,Egalitarianism takes the focus off of gender inequality as it expresses no clearly defined marginalized group. This makes it difficult to garner support for such movements.
Is Pope Francis a good pope?,unknown,"14
Pope Francis is a good pope."
Is Pope Francis a good pope?,unknown,"7
Pope Francis has revolutionized the image of the Catholic Church."
Is Pope Francis a good pope?,pro,"10
Pope Francis has been proactive in implementing positive institutional change in the Catholic Church."
Is Pope Francis a good pope?,unknown,Pope Francis does not possess the personal values and attributes of a good pope.
Is Pope Francis a good pope?,unknown,"5
Pope Francis has increased division in the Catholic Church."
Is Pope Francis a good pope?,unknown,"2
Pope Francis has not met his papal responsibilities."
Is Porn Beneficial?,unknown,Porn is beneficial.
Is Porn Beneficial?,con,Porn is beneficial for the individual consuming it.
Is Porn Beneficial?,unknown,"Porn, if made ethically, is beneficial for the performers."
Is Porn Beneficial?,unknown,Porn has a negative impact on society as a whole.
Is Porn Beneficial?,con,Creating and consuming pornography is unethical and therefore not beneficial.
Should Mother Teresa have been canonized?,unknown,Mother Teresa should not have been canonized.
Should Mother Teresa have been canonized?,unknown,"Mother Teresa regularly doubted the existence of God, thereby failing an important criterion for canonization."
Should Mother Teresa have been canonized?,unknown,"6
Mother Teresa is a symbol of racism, of a white woman swooping in to ""rescue"" people of color."
Should Mother Teresa have been canonized?,unknown,"6
Mother Teresa's dedication to alleviating suffering embodies a fundamental tenet of Christianity."
Should Mother Teresa have been canonized?,unknown,Mother Teresa was a charismatic figure who generated much positive attention for the church.
Should Human Life Be Valued Above Animal Life?,unknown,"15
Human life should be valued above animal life in the case that only one can be preserved."
Should Human Life Be Valued Above Animal Life?,unknown,"7
Humans are more intelligent than animals. A value system according to brain complexity and social intelligence is the most reasonable system of valuation we have."
Should Human Life Be Valued Above Animal Life?,unknown,"10
It is our biological directive to preserve our own species at any cost."
Should Human Life Be Valued Above Animal Life?,pro,"13
Humans have a moral duty to protect human lives over those of animals."
Should Human Life Be Valued Above Animal Life?,con,"2
Humans make the most valuable contributions to the world and therefore should be valued above animals."
Should Human Life Be Valued Above Animal Life?,unknown,"24
All life should be valued equally."
Should Human Life Be Valued Above Animal Life?,unknown,"13
Animals can survive without humans, whereas humans require animals to survive."
Should Equal Paternity/Maternity Paid Leave Be Mandatory?,unknown,"5
Equal paternity/maternity paid leave should be mandatory."
Should Equal Paternity/Maternity Paid Leave Be Mandatory?,unknown,An increase in the number of partners who take paternal leave will positively effect child development.
Should Equal Paternity/Maternity Paid Leave Be Mandatory?,unknown,"2
This policy would be one step toward greater gender equality."
Should Equal Paternity/Maternity Paid Leave Be Mandatory?,unknown,"4
Same sex couples would receive better support."
Should Equal Paternity/Maternity Paid Leave Be Mandatory?,unknown,Men would be more invested in their family lives.
Should Equal Paternity/Maternity Paid Leave Be Mandatory?,pro,"7
In the Western world, declining birth rates threaten increasing economic instability. Mandatory equal paternity/maternity paid-leave should encourage people to reproduce in more stable circumstances."
Should Equal Paternity/Maternity Paid Leave Be Mandatory?,unknown,"3
The government shouldn't engage in personal/private matters."
Should Equal Paternity/Maternity Paid Leave Be Mandatory?,unknown,"10
Introducing mandatory gender-equal parental leave will harm businesses."
Should Equal Paternity/Maternity Paid Leave Be Mandatory?,unknown,"3
Even when offered paternity leave, many men do not take it for a range of legitimate reasons."
Is stealing ever acceptable?,unknown,Stealing is never acceptable.
Is stealing ever acceptable?,unknown,"5
Stealing is harmful."
Is stealing ever acceptable?,unknown,"10
Stealing is morally wrong and violates people's rights, regardless of justifications or circumstances."
Is stealing ever acceptable?,unknown,"14
Stealing is acceptable in cases where it is necessary."
Is stealing ever acceptable?,unknown,Stealing can be a practical and fun way to get free stuff.
Is stealing ever acceptable?,unknown,"16
Some people cannot stop themselves from stealing."
Should the United Kingdom remain a member of the European Union?,unknown,"8
The United Kingdom should remain a member of the European Union."
Should the United Kingdom remain a member of the European Union?,unknown,"3
The EU is a guarantor of peace in Europe by bringing its countries closer together and overcoming the disputes of the past."
Should the United Kingdom remain a member of the European Union?,con,Only by remaining in the EU would the UK be capable of contributing to EU reform.
Should the United Kingdom remain a member of the European Union?,unknown,Leaving the EU could threaten relations between UK countries.
Should the United Kingdom remain a member of the European Union?,unknown,Membership of the EU ensures freedom of movement between all the member states.
Should the United Kingdom remain a member of the European Union?,con,"21
Leaving the European Union is likely to be economically catastrophic for the UK."
Should the United Kingdom remain a member of the European Union?,unknown,"18
The citizens of the United Kingdom living abroad will be put into a complicated situation when they lose their work eligibility. This could potentially put thousands of individuals out of work and scrambling for new employment."
Should the United Kingdom remain a member of the European Union?,unknown,"2
Remaining in the EU is the only way for the UK to weigh significantly on the international scene and be able to negotiate on equal terms with today's major powers."
Should the United Kingdom remain a member of the European Union?,unknown,"1
The European Union is a force for ensuring that the UK and other countries apply internationally agreed legislation."
Should the United Kingdom remain a member of the European Union?,unknown,"4
Leaving would harm the EU."
Should the United Kingdom remain a member of the European Union?,unknown,"9
The UK and the EU share a history and a common culture."
Should the United Kingdom remain a member of the European Union?,unknown,Brexit presents a risk for the civil society and social structure of the UK.
Should the United Kingdom remain a member of the European Union?,unknown,"5
Other EU states want the UK to stay."
Should the United Kingdom remain a member of the European Union?,con,"20
The EU has centralized power and continues to further do so, which means the UK has less control over its own laws and practices."
Should the United Kingdom remain a member of the European Union?,unknown,"15
With the biggest opponent of an ""ever closer union"" gone, the EU would have a much easier way to bring its member states together under the same umbrella."
Should the United Kingdom remain a member of the European Union?,unknown,"9
A majority of the UK's voters supported Brexit in the 2016 referendum."
Should the United Kingdom remain a member of the European Union?,unknown,"3
Democracy in the EU is seriously impaired."
Should the United Kingdom remain a member of the European Union?,con,"7
Leaving the EU allows Britain to be able to better control immigration flows."
Should the United Kingdom remain a member of the European Union?,pro,"16
Considering the time, money and energy spent by all sides on the UK's departure, staying in the EU seems inappropriate."
Is moral non-compulsion evidence against naturalistic evolution?,unknown,"1
Moral non-compulsion (the fact that we can resist our moral obligations) is evidence against naturalistic evolution."
Is moral non-compulsion evidence against naturalistic evolution?,unknown,Humans are capable of resisting what they know to be their moral obligations.
Is moral non-compulsion evidence against naturalistic evolution?,unknown,"If theism was true, we would have more likely developed resistible moral intuitions than under naturalism."
Is moral non-compulsion evidence against naturalistic evolution?,pro,"3
If naturalistic evolution were true, we probably would have developed a physical inability to commit harmful acts rather than a mere intuition that we shouldn't do them."
Is moral non-compulsion evidence against naturalistic evolution?,pro,"4
Naturalistic evolution does not always result in a 'perfect' creature, pointing out an imperfect characteristic of humans does not disprove the theory."
Is moral non-compulsion evidence against naturalistic evolution?,con,The same act is adaptive in some cases and not adaptive in others. Only the conscious mind can discriminate between the two and make a voluntary choice in each case.
Is moral non-compulsion evidence against naturalistic evolution?,unknown,"There is no objective morality and hence no objective basis on which to select for this or that ""moral compulsion""."
Is moral non-compulsion evidence against naturalistic evolution?,unknown,"3
If we couldn't resist our ""moral obligations"", they would be neither moral nor obligations."
Is the Book of Mormon an authentic ancient scripture?,unknown,"26
The Book of Mormon is an authentic ancient text."
Is the Book of Mormon an authentic ancient scripture?,pro,The Text: The text of The Book of Mormon provides enough evidences of ancient origin to prove it is an authentic ancient book of scripture.
Is the Book of Mormon an authentic ancient scripture?,unknown,"11
The Metal Plates: The plates from which Joseph Smith translated the Book of Mormon were a historical artifact made by ancient Americans."
Is the Book of Mormon an authentic ancient scripture?,unknown,"20
No Alternate Explanation: The Book of Mormon's authenticity is buttressed by the fact that there exists no plausible substitute explanation of the Book's existence."
Is the Book of Mormon an authentic ancient scripture?,unknown,"1
Longevity: The Book of Mormon has withstood the test of time."
Is the Book of Mormon an authentic ancient scripture?,unknown,"5
God Says So: God does communicate and has communicated to man that the Book of Mormon is an authentic book of scripture."
Is the Book of Mormon an authentic ancient scripture?,pro,"6
There is a lack of archaeological evidence to support the fantastical claims in the BoM. Thomas Stuart Ferguson a member of the LDS set out to find evidence, but was stymied at every turn. Ferguson wrote ""I must conclude that Joseph Smith had not the remotest skill in things Egyptian-hieroglyphics.""
 Move elsewhere
Should be a pro to ""Archaeology: Archaeological evidence does not support various aspects of the Book of Mormon's narrative"""
Is the Book of Mormon an authentic ancient scripture?,unknown,"4
Joseph Smith, the purported translator of the Book of Mormon, is not credible."
Is the Book of Mormon an authentic ancient scripture?,unknown,"2
The Book of Mormon makes many implausible historical claims which suggests that it is an inauthentic modern invention."
Is NATO obsolete?,unknown,NATO is obsolete.
Is NATO obsolete?,unknown,The reasons for which NATO was created no longer exist.
Is NATO obsolete?,unknown,"8
Member countries have made clear through their actions that they care little about NATO."
Is NATO obsolete?,unknown,"NATO has not managed to form a coherent strategy to combat terrorism, the great threat of the modern era."
Is NATO obsolete?,con,"19
Many NATO non-member states have a strongly positive perception of the organization, implying that it continues to be relevant."
Is NATO obsolete?,unknown,NATO is essential for the security of its members as China is becoming more powerful.
Is NATO obsolete?,unknown,NATO is critical to preserving peace in Europe.
Should education at public universities in the United States be tuition free?,unknown,"9
Public universities in the United States should be tuition free."
Should education at public universities in the United States be tuition free?,con,"12
Free public education is a good economic public investment."
Should education at public universities in the United States be tuition free?,unknown,"14
Free third level education would increase social mobility."
Should education at public universities in the United States be tuition free?,unknown,"2
Access to knowledge should not have a price tag attached to it - people have a right to an accessible education."
Should education at public universities in the United States be tuition free?,unknown,"4
Students and graduates would benefit from free education."
Should education at public universities in the United States be tuition free?,unknown,"1
We should fix the racism in elite schools that allow legacy (children of Alumni) applicants (white) to be automatically accepted rather than by merit."
Should education at public universities in the United States be tuition free?,unknown,"2
There are better places for government funding to be allocated."
Should education at public universities in the United States be tuition free?,unknown,"8
The main beneficiaries of free tertiary education would be wealthy students, who can already afford the fees."
Should education at public universities in the United States be tuition free?,unknown,It would be too costly to make public universities free.
Should jury trials be abolished?,unknown,Jury trials should be abolished.
Should jury trials be abolished?,con,"9
Jury trials are inefficient and inconvenient for both courts and jurors."
Should jury trials be abolished?,unknown,"8
Jury trials are more likely than bench trials to result in biased outcomes."
Should jury trials be abolished?,pro,"1
Juries increase the legitimacy of the criminal justice system through the inclusion of the public in trial processes."
Should jury trials be abolished?,pro,"12
Juries provide a valuable check and balance on the power of the government."
Should Facebook and Twitter Remove the Accounts of Terrorist Organisations?,unknown,"10
Facebook and Twitter should remove accounts of terrorist organisations, such as ISIS, from their sites."
Should Facebook and Twitter Remove the Accounts of Terrorist Organisations?,unknown,"8
Facebook and Twitter have the ability to weaken operations of organizations like ISIS by erasing their presence on these sites."
Should Facebook and Twitter Remove the Accounts of Terrorist Organisations?,unknown,"8
Terrorist organizations are a threat to people all around the world."
Should Facebook and Twitter Remove the Accounts of Terrorist Organisations?,unknown,"12
Facebook and Twitter are legally obliged to delete accounts affiliated with terrorism."
Should Facebook and Twitter Remove the Accounts of Terrorist Organisations?,unknown,"7
Facebook and Twitter are moving into the direction of removing accounts already."
Should Facebook and Twitter Remove the Accounts of Terrorist Organisations?,unknown,"3
Facebook and Twitter may be guilty of complicity if they do not remove terrorist accounts."
Should Facebook and Twitter Remove the Accounts of Terrorist Organisations?,unknown,"22
Removing accounts of terror organizations sets a dangerous precedent for other countries to fight their 'terrorists'."
Should Facebook and Twitter Remove the Accounts of Terrorist Organisations?,unknown,"15
Terrorist activity on Facebook and Twitter is useful to the development of counter-terrorism operations."
Should Facebook and Twitter Remove the Accounts of Terrorist Organisations?,unknown,"6
Facebook and Twitter should not take political positions."
Should Facebook and Twitter Remove the Accounts of Terrorist Organisations?,unknown,"6
Limiting terrorists' activities online limits basic rights on the internet."
Should Facebook and Twitter Remove the Accounts of Terrorist Organisations?,unknown,"1
They could always just move undetected to other sites like Gab or 4chan - basically treating the symptom, not the cause"
Should Facebook and Twitter Remove the Accounts of Terrorist Organisations?,unknown,"16
Eliminating all accounts linked to terror organisations would be burdensome for both Twitter and Facebook."
Should there be any limit to freedom of speech?,unknown,"9
There should be no limits on freedom of speech."
Should there be any limit to freedom of speech?,unknown,"10
Censorship can limit exposure to diverse ideas, fostering close-mindedness and intolerance."
Should there be any limit to freedom of speech?,unknown,"8
Government agencies are likely to abuse limitations on free speech for their own purposes if given such powers."
Should there be any limit to freedom of speech?,unknown,"2
Limitless freedom of speech is impractical."
Should there be any limit to freedom of speech?,unknown,"13
The censorship of harmful speech is necessary because it violates the rights of others."
Should Polygamy Be Legal?,unknown,"7
Polygamy should be legal."
Should Polygamy Be Legal?,pro,Marriage represents a more solid and protected base for all parties involved. This should not be denied to people who want to be in a relationship with multiple partners.
Should Polygamy Be Legal?,unknown,"1
Restricting marriages to only monogamy violates human rights."
Should Polygamy Be Legal?,unknown,Polygamous marriage brings a number of advantages to the parties involved.
Should Polygamy Be Legal?,unknown,Children may experience uniquely negative effects from growing up in polygamous families.
Should Polygamy Be Legal?,pro,The legalization of polygamy would present legal and procedural challenges for many countries.
Should Polygamy Be Legal?,unknown,"2
Research indicates that polygamy exacerbates pre-existing social issues and divisions in society."
Should Genetically Modified Organisms (or GMOs) be promoted as part of a sustainable agricultural economy?,pro,"7
Genetically modified organisms (GMOs) should be promoted as part of a sustainable agricultural economy."
Should Genetically Modified Organisms (or GMOs) be promoted as part of a sustainable agricultural economy?,pro,"GMOs could be specifically formulated in order to address some environmental issues [PETase producing Bacteria, for example.] article by phys.org"
Should Genetically Modified Organisms (or GMOs) be promoted as part of a sustainable agricultural economy?,con,GMOs offer a number of economic benefits over wild-type (WT) organisms.
Should Genetically Modified Organisms (or GMOs) be promoted as part of a sustainable agricultural economy?,unknown,GMOs can help address food shortages and food insecurity.
Should Genetically Modified Organisms (or GMOs) be promoted as part of a sustainable agricultural economy?,unknown,GMOs pose a number of environmental hazards.
Should Genetically Modified Organisms (or GMOs) be promoted as part of a sustainable agricultural economy?,con,Consumption of GMOs is associated with a number of health risks.
Should Culturally or Historically Significant Artwork Be Property of the State?,pro,"3
Culturally or historically significant artwork should become the property of the state."
Should Culturally or Historically Significant Artwork Be Property of the State?,unknown,"1
When owned by the state, the art can be put in museums and galleries and can be accessed by the public."
Should Culturally or Historically Significant Artwork Be Property of the State?,unknown,This allows the government to pay homage to specific cultural groups in its society.
Should Culturally or Historically Significant Artwork Be Property of the State?,unknown,This is an opportunity to repatriate artwork to the country where it came from.
Should Culturally or Historically Significant Artwork Be Property of the State?,pro,"It is unfair to private collectors for their property to be forcibly bought from them, as the decision to sell should remain between the artist and collector."
Should Culturally or Historically Significant Artwork Be Property of the State?,unknown,It would cost a lot of money for the state to buy this art off private owners and collectors.
Should Culturally or Historically Significant Artwork Be Property of the State?,unknown,"1
This removes the cultural value of artworks by putting a price on them."
Is BDSM Abusive?,unknown,"19
The practice of BDSM is abusive."
Is BDSM Abusive?,unknown,"13
The dynamics in BDSM relationships are often abusive."
Is BDSM Abusive?,unknown,"18
BDSM can result in participants being hurt more than they are prepared for."
Is BDSM Abusive?,unknown,"5
Perceptions of BDSM as abusive arise from inaccurate portrayals."
Is BDSM Abusive?,con,"BDSM practice can be incredibly liberating. If it were abusive, people would not consistently view it as liberatory."
Should the sale of genetically modified food be banned?,unknown,"4
The sale of genetically modified food should be banned."
Should the sale of genetically modified food be banned?,unknown,"Genetically modified crops can be harmful to the environment and ecosystems, threatening biodiversity."
Should the sale of genetically modified food be banned?,con,"2
Many people are against genetically modified food. Where they constitute a significant public opposition, this should be reflected accordingly in the law."
Should the sale of genetically modified food be banned?,unknown,"3
Formulation of genetically modified food endangers the lives and health of citizens around the world."
Should the sale of genetically modified food be banned?,unknown,"9
Genetically modified crops can help mitigate world hunger."
Should the sale of genetically modified food be banned?,pro,"2
A universal ban is not the right approach to addressing any potential problems with genetically modified foods."
Should refugees seeking asylum in Europe be distributed among EU member states according to a quota?,unknown,Refugees seeking asylum in Europe should be distributed among EU member states according to a quota.
Should refugees seeking asylum in Europe be distributed among EU member states according to a quota?,unknown,A quota system benefits asylum seekers.
Should refugees seeking asylum in Europe be distributed among EU member states according to a quota?,unknown,"EU states have a shared moral responsibility to help asylum seekers, which includes partaking in a quota system."
Should refugees seeking asylum in Europe be distributed among EU member states according to a quota?,unknown,"5
Unless the EU agrees on a refugee quota system it cannot fulfil its obligations in regards to asylum issues."
Should refugees seeking asylum in Europe be distributed among EU member states according to a quota?,con,"14
A quota system is unenforceable due to the lack of border control between most EU countries. Regardless of the EU country a refugee is given asylum in, they can travel to any other EU country easily."
Should refugees seeking asylum in Europe be distributed among EU member states according to a quota?,pro,"3
Taking in a larger number of refugees would be a security risk for member states that lack the necessary infrastructure to properly vet the refugees."
Should refugees seeking asylum in Europe be distributed among EU member states according to a quota?,unknown,"4
Forcing a country to take in a quota of refugees undermines its national sovereignty."
Should refugees seeking asylum in Europe be distributed among EU member states according to a quota?,unknown,"7
Forcing a refugee quota on member countries would be unpopular."
Should refugees seeking asylum in Europe be distributed among EU member states according to a quota?,con,"A quota scheme commodifies asylum seekers, treating them as a burden to be distributed. This is ethically concerning."
Should we have a single global language?,unknown,"2
We should have a single global language."
Should we have a single global language?,unknown,A single global language would be beneficial in terms of efficiency.
Should we have a single global language?,con,Humans could use the implementation of a global language to construct a better language for everyone.
Should we have a single global language?,unknown,Implementing a single global language is impractical.
Should we have a single global language?,unknown,A global language would kill diversity of thought and culture.
Should humans act to fight climate change?,unknown,"28
Humans should act to fight climate change."
Should humans act to fight climate change?,unknown,"13
Climate change is getting worse and will be more difficult to fight in the future."
Should humans act to fight climate change?,unknown,"29
Climate change is harmful for humans and nature (p. 67)."
Should humans act to fight climate change?,unknown,"13
Prioritising innovation in climate change adaptation would be better than fighting the issue directly, as direct action on climate change is limited by a lack of innovation in action to prevent it."
Should humans act to fight climate change?,unknown,"46
The causes, effects, and nature of climate change are still heavily disputed."
Should water be taxed?,unknown,"3
Water should be taxed."
Should water be taxed?,pro,Taxing water would provide revenue to preserve and improve the quality and safety of water.
Should water be taxed?,unknown,A water tax incentivizes being more efficient with water.
Should water be taxed?,con,Placing a tax on water would negatively affect businesses and the economy.
Should water be taxed?,unknown,Taxing water would make it unaffordable for many people.
Should politicians be trusted? ,Pro,  All politicians are corrupt and cannot be trusted.
